dynamics.py - INFO - 2025-03-28 00:12:25,425 - ID: 4902 : KBA-04776-Y5P8N7 : http://sv-vw-ejap:5555/SupportCenter/main.aspx?etc=127&extraqs=%3fetc%3d127%26id%3d%257b2605b58b-33bb-ea11-8826-00505695a183%257d&newWindow=true&pagetype=entityrecord : Success
dynamics.py - INFO - 2025-03-28 00:12:38,035 - ID: 5017 : KBA-11616-Y8C4X5 : http://sv-vw-ejap:5555/SupportCenter/main.aspx?etc=127&extraqs=%3fetc%3d127%26id%3d%257b7c6f1cd2-46bb-ea11-8825-0050569565d2%257d&newWindow=true&pagetype=entityrecord : Success
dynamics.py - INFO - 2025-03-28 00:35:22,106 - ID: 5021 : KBA-44774-Y3K1M4 : http://sv-vw-ejap:5555/SupportCenter/main.aspx?etc=127&extraqs=%3fetc%3d127%26id%3d%257b024329c7-e82b-ec11-8828-0050569565d2%257d&newWindow=true&pagetype=entityrecord : Success
dynamics.py - INFO - 2025-03-28 00:35:35,462 - ID: 5022 : KBA-33128-R3Q7T8 : http://sv-vw-ejap:5555/SupportCenter/main.aspx?etc=127&extraqs=%3fetc%3d127%26id%3d%257b43de20ba-03ba-eb11-8827-00505695a183%257d&newWindow=true&pagetype=entityrecord : Success
dynamics.py - INFO - 2025-03-28 00:35:47,649 - ID: 5023 : KBA-34816-Z2M2B5 : http://sv-vw-ejap:5555/SupportCenter/main.aspx?etc=127&extraqs=%3fetc%3d127%26id%3d%257bc0a8083f-a5cd-eb11-8828-00505695a183%257d&newWindow=true&pagetype=entityrecord : Success
dynamics.py - INFO - 2025-03-28 00:35:59,630 - ID: 5024 : KBA-18195-X7T7C1 : http://sv-vw-ejap:5555/SupportCenter/main.aspx?etc=127&extraqs=%3fetc%3d127%26id%3d%257bcb929ae4-36cb-ea11-8826-00505695a183%257d&newWindow=true&pagetype=entityrecord : Success
dynamics.py - INFO - 2025-03-28 00:36:13,993 - ID: 5025 : KBA-16504-H1X0W0 : http://sv-vw-ejap:5555/SupportCenter/main.aspx?etc=127&extraqs=%3fetc%3d127%26id%3d%257be11d58d2-6dbb-ea11-8826-00505695a183%257d&newWindow=true&pagetype=entityrecord : Success
dynamics.py - INFO - 2025-03-28 00:44:15,986 - ID: 5026 : KBA-21890-N4B2V8 : http://sv-vw-ejap:5555/SupportCenter/main.aspx?etc=127&extraqs=%3fetc%3d127%26id%3d%257b32bb08cd-7bf9-ea11-8825-0050569565d2%257d&newWindow=true&pagetype=entityrecord : Success
dynamics.py - INFO - 2025-03-28 00:44:30,719 - ID: 5047 : KBA-29877-T2V6G1 : http://sv-vw-ejap:5555/SupportCenter/main.aspx?etc=127&extraqs=%3fetc%3d127%26id%3d%257b4102217c-d17f-eb11-8827-00505695a183%257d&newWindow=true&pagetype=entityrecord : Success
dynamics.py - INFO - 2025-03-28 00:44:43,028 - ID: 5027 : KBA-67299-W9J3K7 : http://sv-vw-ejap:5555/SupportCenter/main.aspx?etc=127&extraqs=%3fetc%3d127%26id%3d%257bc9f289b7-72cd-ed11-882d-00505695a183%257d&newWindow=true&pagetype=entityrecord : Success
dynamics.py - INFO - 2025-03-28 00:44:55,369 - ID: 5028 : KBA-73928-P9Y9H1 : http://sv-vw-ejap:5555/SupportCenter/main.aspx?etc=127&extraqs=%3fetc%3d127%26id%3d%257b70aca5ed-538c-ee11-882e-0050569565d2%257d&newWindow=true&pagetype=entityrecord : Success
dynamics.py - INFO - 2025-03-28 00:45:07,484 - ID: 5029 : KBA-81780-D5J9V8 : http://sv-vw-ejap:5555/SupportCenter/main.aspx?etc=127&extraqs=%3fetc%3d127%26id%3d%257ba31208b2-666b-ef11-8830-0050569565d2%257d&newWindow=true&pagetype=entityrecord : Success
dynamics.py - INFO - 2025-03-28 00:45:19,822 - ID: 5030 : KBA-34117-T9X3K3 : http://sv-vw-ejap:5555/SupportCenter/main.aspx?etc=127&extraqs=%3fetc%3d127%26id%3d%257b780bf48d-16c5-eb11-8828-0050569565d2%257d&newWindow=true&pagetype=entityrecord : Success
dynamics.py - INFO - 2025-03-28 00:45:32,010 - ID: 5033 : KBA-77091-W4B6T2 : http://sv-vw-ejap:5555/SupportCenter/main.aspx?etc=127&extraqs=%3fetc%3d127%26id%3d%257bda252d92-f7e8-ee11-882f-00505695a183%257d&newWindow=true&pagetype=entityrecord : Success
dynamics.py - INFO - 2025-03-28 00:45:44,229 - ID: 5034 : KBA-72047-H4J0Z2 : http://sv-vw-ejap:5555/SupportCenter/main.aspx?etc=127&extraqs=%3fetc%3d127%26id%3d%257b3a58bbe2-da56-ee11-882e-0050569565d2%257d&newWindow=true&pagetype=entityrecord : Success
dynamics.py - INFO - 2025-03-28 00:45:56,492 - ID: 5035 : KBA-40750-K3L4Y8 : http://sv-vw-ejap:5555/SupportCenter/main.aspx?etc=127&extraqs=%3fetc%3d127%26id%3d%257b7967c87b-920b-ec11-8828-00505695a183%257d&newWindow=true&pagetype=entityrecord : Success
dynamics.py - INFO - 2025-03-28 00:46:08,664 - ID: 5036 : KBA-55936-Z5R4D6 : http://sv-vw-ejap:5555/SupportCenter/main.aspx?etc=127&extraqs=%3fetc%3d127%26id%3d%257b37b44d6e-42e1-ec11-882c-0050569565d2%257d&newWindow=true&pagetype=entityrecord : Success
dynamics.py - INFO - 2025-03-28 00:46:20,544 - ID: 5037 : KBA-37564-Y9X1L0 : http://sv-vw-ejap:5555/SupportCenter/main.aspx?etc=127&extraqs=%3fetc%3d127%26id%3d%257b63b0a48d-9cea-eb11-8828-00505695a183%257d&newWindow=true&pagetype=entityrecord : Success
dynamics.py - INFO - 2025-03-28 00:46:32,693 - ID: 5038 : KBA-58132-F1K8H6 : http://sv-vw-ejap:5555/SupportCenter/main.aspx?etc=127&extraqs=%3fetc%3d127%26id%3d%257ba97ea7c6-0b19-ed11-882c-0050569565d2%257d&newWindow=true&pagetype=entityrecord : Success
dynamics.py - INFO - 2025-03-28 00:46:45,793 - ID: 5039 : KBA-82286-W8Z1V8 : http://sv-vw-ejap:5555/SupportCenter/main.aspx?etc=127&extraqs=%3fetc%3d127%26id%3d%257b4b6487be-9c75-ef11-8830-00505695a183%257d&newWindow=true&pagetype=entityrecord : Success
dynamics.py - INFO - 2025-03-28 00:46:57,870 - ID: 5040 : KBA-36161-G3H4X7 : http://sv-vw-ejap:5555/SupportCenter/main.aspx?etc=127&extraqs=%3fetc%3d127%26id%3d%257b9a194d8e-00dc-eb11-8828-0050569565d2%257d&newWindow=true&pagetype=entityrecord : Success
dynamics.py - INFO - 2025-03-28 00:47:11,623 - ID: 5041 : KBA-07510-K8V5P1 : http://sv-vw-ejap:5555/SupportCenter/main.aspx?etc=127&extraqs=%3fetc%3d127%26id%3d%257b81d85e99-44bb-ea11-8826-00505695a183%257d&newWindow=true&pagetype=entityrecord : Success
dynamics.py - INFO - 2025-03-28 00:47:23,835 - ID: 5042 : KBA-10263-B7Q9C6 : http://sv-vw-ejap:5555/SupportCenter/main.aspx?etc=127&extraqs=%3fetc%3d127%26id%3d%257bef8044ba-46bb-ea11-8825-0050569565d2%257d&newWindow=true&pagetype=entityrecord : Success
dynamics.py - INFO - 2025-03-28 00:47:35,884 - ID: 5043 : KBA-60712-M9T1F4 : http://sv-vw-ejap:5555/SupportCenter/main.aspx?etc=127&extraqs=%3fetc%3d127%26id%3d%257b00278007-3b3e-ed11-882c-00505695a183%257d&newWindow=true&pagetype=entityrecord : Success
dynamics.py - INFO - 2025-03-28 00:48:03,980 - ID: 5044 : KBA-43768-Y6V2F9 : http://sv-vw-ejap:5555/SupportCenter/main.aspx?etc=127&extraqs=%3fetc%3d127%26id%3d%257b42aef527-b721-ec11-8828-00505695a183%257d&newWindow=true&pagetype=entityrecord : Success
dynamics.py - INFO - 2025-03-28 00:48:18,139 - ID: 5045 : KBA-44248-Y4S9S9 : http://sv-vw-ejap:5555/SupportCenter/main.aspx?etc=127&extraqs=%3fetc%3d127%26id%3d%257b2fa9c58d-4a26-ec11-8828-0050569565d2%257d&newWindow=true&pagetype=entityrecord : Success
dynamics.py - INFO - 2025-03-28 00:48:31,479 - ID: 5046 : KBA-48702-W0J9C2 : http://sv-vw-ejap:5555/SupportCenter/main.aspx?etc=127&extraqs=%3fetc%3d127%26id%3d%257b625eac6f-395d-ec11-882a-00505695a183%257d&newWindow=true&pagetype=entityrecord : Success
dynamics.py - INFO - 2025-03-28 00:48:44,026 - ID: 5055 : KBA-36410-N0N7W1 : http://sv-vw-ejap:5555/SupportCenter/main.aspx?etc=127&extraqs=%3fetc%3d127%26id%3d%257b58024158-dede-eb11-8828-0050569565d2%257d&newWindow=true&pagetype=entityrecord : Success
dynamics.py - INFO - 2025-03-28 00:48:56,989 - ID: 5059 : KBA-82544-Q4L4Q0 : http://sv-vw-ejap:5555/SupportCenter/main.aspx?etc=127&extraqs=%3fetc%3d127%26id%3d%257bab5a7d54-0e7b-ef11-8831-0050569565d2%257d&newWindow=true&pagetype=entityrecord : Success
dynamics.py - INFO - 2025-03-28 00:49:09,286 - ID: 5060 : KBA-70795-F4Q9C3 : http://sv-vw-ejap:5555/SupportCenter/main.aspx?etc=127&extraqs=%3fetc%3d127%26id%3d%257b78b17e4c-9e36-ee11-882e-0050569565d2%257d&newWindow=true&pagetype=entityrecord : Success
dynamics.py - INFO - 2025-03-28 00:49:21,558 - ID: 5061 : KBA-40572-Q4C7M5 : http://sv-vw-ejap:5555/SupportCenter/main.aspx?etc=127&extraqs=%3fetc%3d127%26id%3d%257b278f79a7-200a-ec11-8828-00505695a183%257d&newWindow=true&pagetype=entityrecord : Success
dynamics.py - INFO - 2025-03-28 00:49:34,101 - ID: 5062 : KBA-75536-L4W1Y7 : http://sv-vw-ejap:5555/SupportCenter/main.aspx?etc=127&extraqs=%3fetc%3d127%26id%3d%257bd5bb3439-e2c6-ee11-882f-00505695a183%257d&newWindow=true&pagetype=entityrecord : Success
dynamics.py - INFO - 2025-03-28 00:49:48,196 - ID: 5063 : KBA-09296-T8F5N9 : http://sv-vw-ejap:5555/SupportCenter/main.aspx?etc=127&extraqs=%3fetc%3d127%26id%3d%257b4690feb3-45bb-ea11-8825-0050569565d2%257d&newWindow=true&pagetype=entityrecord : Success
dynamics.py - INFO - 2025-03-28 00:50:02,874 - ID: 5064 : KBA-09144-H8S6Q8 : http://sv-vw-ejap:5555/SupportCenter/main.aspx?etc=127&extraqs=%3fetc%3d127%26id%3d%257b168ffeb3-45bb-ea11-8825-0050569565d2%257d&newWindow=true&pagetype=entityrecord : Success
dynamics.py - INFO - 2025-03-28 00:50:14,906 - ID: 5065 : KBA-41855-X1Q1Z7 : http://sv-vw-ejap:5555/SupportCenter/main.aspx?etc=127&extraqs=%3fetc%3d127%26id%3d%257bc9ab1816-6114-ec11-8828-00505695a183%257d&newWindow=true&pagetype=entityrecord : Success
dynamics.py - INFO - 2025-03-28 00:50:27,550 - ID: 5066 : KBA-05254-M1B2V0 : http://sv-vw-ejap:5555/SupportCenter/main.aspx?etc=127&extraqs=%3fetc%3d127%26id%3d%257be208b58b-33bb-ea11-8826-00505695a183%257d&newWindow=true&pagetype=entityrecord : Success
dynamics.py - INFO - 2025-03-28 00:50:45,379 - ID: 5077 : KBA-66385-Z3M2K3 : http://sv-vw-ejap:5555/SupportCenter/main.aspx?etc=127&extraqs=%3fetc%3d127%26id%3d%257bc47643cc-2ac2-ed11-882d-0050569565d2%257d&newWindow=true&pagetype=entityrecord : Success
dynamics.py - INFO - 2025-03-28 00:51:05,764 - ID: 5078 : KBA-07267-F3T2J4 : http://sv-vw-ejap:5555/SupportCenter/main.aspx?etc=127&extraqs=%3fetc%3d127%26id%3d%257b2a9dfa7e-44bb-ea11-8826-00505695a183%257d&newWindow=true&pagetype=entityrecord : Success
dynamics.py - INFO - 2025-03-28 00:51:25,443 - ID: 5079 : KBA-42554-L3F9V7 : http://sv-vw-ejap:5555/SupportCenter/main.aspx?etc=127&extraqs=%3fetc%3d127%26id%3d%257b9c8b1468-881b-ec11-8828-00505695a183%257d&newWindow=true&pagetype=entityrecord : Success
dynamics.py - INFO - 2025-03-28 00:51:37,803 - ID: 5081 : KBA-24781-R3K5N8 : http://sv-vw-ejap:5555/SupportCenter/main.aspx?etc=127&extraqs=%3fetc%3d127%26id%3d%257b7c0514b3-bf19-eb11-8826-00505695a183%257d&newWindow=true&pagetype=entityrecord : Success
dynamics.py - INFO - 2025-03-28 00:51:50,956 - ID: 5082 : KBA-07230-X4S2Q5 : http://sv-vw-ejap:5555/SupportCenter/main.aspx?etc=127&extraqs=%3fetc%3d127%26id%3d%257be09cfa7e-44bb-ea11-8826-00505695a183%257d&newWindow=true&pagetype=entityrecord : Success
dynamics.py - INFO - 2025-03-28 00:52:05,136 - ID: 5083 : KBA-08164-P1Z8C2 : http://sv-vw-ejap:5555/SupportCenter/main.aspx?etc=127&extraqs=%3fetc%3d127%26id%3d%257b9ddd5e99-44bb-ea11-8826-00505695a183%257d&newWindow=true&pagetype=entityrecord : Success
dynamics.py - INFO - 2025-03-28 00:52:17,570 - ID: 5074 : KBA-19305-R7R2B1 : http://sv-vw-ejap:5555/SupportCenter/main.aspx?etc=127&extraqs=%3fetc%3d127%26id%3d%257bde313669-78e0-ea11-8826-00505695a183%257d&newWindow=true&pagetype=entityrecord : Success
dynamics.py - INFO - 2025-03-28 00:52:33,510 - ID: 5075 : KBA-66358-J8F6M6 : http://sv-vw-ejap:5555/SupportCenter/main.aspx?etc=127&extraqs=%3fetc%3d127%26id%3d%257b6e0dff59-21c2-ed11-882d-0050569565d2%257d&newWindow=true&pagetype=entityrecord : Success
dynamics.py - INFO - 2025-03-28 00:52:46,315 - ID: 5076 : KBA-73744-P2Y7B4 : http://sv-vw-ejap:5555/SupportCenter/main.aspx?etc=127&extraqs=%3fetc%3d127%26id%3d%257bf5a63879-c882-ee11-882e-0050569565d2%257d&newWindow=true&pagetype=entityrecord : Success
dynamics.py - INFO - 2025-03-28 00:53:00,469 - ID: 5092 : KBA-52544-Q6K8V1 : http://sv-vw-ejap:5555/SupportCenter/main.aspx?etc=127&extraqs=%3fetc%3d127%26id%3d%257b90e8af3d-279c-ec11-882c-00505695a183%257d&newWindow=true&pagetype=entityrecord : Success
dynamics.py - INFO - 2025-03-28 00:53:20,059 - ID: 5093 : KBA-61145-C7J2J9 : http://sv-vw-ejap:5555/SupportCenter/main.aspx?etc=127&extraqs=%3fetc%3d127%26id%3d%257b5e87c5fa-e13f-ed11-882c-00505695a183%257d&newWindow=true&pagetype=entityrecord : Success
dynamics.py - INFO - 2025-03-28 00:53:33,798 - ID: 5094 : KBA-06829-Q5L5H0 : http://sv-vw-ejap:5555/SupportCenter/main.aspx?etc=127&extraqs=%3fetc%3d127%26id%3d%257bbe99fa7e-44bb-ea11-8826-00505695a183%257d&newWindow=true&pagetype=entityrecord : Success
dynamics.py - INFO - 2025-03-28 00:54:00,921 - ID: 5095 : KBA-05272-V5D8B4 : http://sv-vw-ejap:5555/SupportCenter/main.aspx?etc=127&extraqs=%3fetc%3d127%26id%3d%257b0609b58b-33bb-ea11-8826-00505695a183%257d&newWindow=true&pagetype=entityrecord : Success
dynamics.py - INFO - 2025-03-28 00:54:12,906 - ID: 5096 : KBA-47441-G3B2B3 : http://sv-vw-ejap:5555/SupportCenter/main.aspx?etc=127&extraqs=%3fetc%3d127%26id%3d%257b0533bdc6-504e-ec11-882a-0050569565d2%257d&newWindow=true&pagetype=entityrecord : Success
dynamics.py - INFO - 2025-03-28 00:54:25,120 - ID: 5097 : KBA-23985-R2G5K4 : http://sv-vw-ejap:5555/SupportCenter/main.aspx?etc=127&extraqs=%3fetc%3d127%26id%3d%257b809aa262-b40a-eb11-8825-0050569565d2%257d&newWindow=true&pagetype=entityrecord : Success
dynamics.py - INFO - 2025-03-28 00:54:38,226 - ID: 5098 : KBA-33733-M9J8K4 : http://sv-vw-ejap:5555/SupportCenter/main.aspx?etc=127&extraqs=%3fetc%3d127%26id%3d%257b7a00111d-75c2-eb11-8828-00505695a183%257d&newWindow=true&pagetype=entityrecord : Success
dynamics.py - INFO - 2025-03-28 00:56:08,601 - ID: 5099 : KBA-09532-Z4L8T1 : http://sv-vw-ejap:5555/SupportCenter/main.aspx?etc=127&extraqs=%3fetc%3d127%26id%3d%257bf45599e7-45bb-ea11-8826-00505695a183%257d&newWindow=true&pagetype=entityrecord : Success
dynamics.py - INFO - 2025-03-28 00:56:21,050 - ID: 5100 : KBA-17922-M6K3F5 : http://sv-vw-ejap:5555/SupportCenter/main.aspx?etc=127&extraqs=%3fetc%3d127%26id%3d%257bf98d8036-8fc2-ea11-8826-00505695a183%257d&newWindow=true&pagetype=entityrecord : Success
dynamics.py - INFO - 2025-03-28 00:56:34,638 - ID: 5102 : KBA-18821-Q4T7J9 : http://sv-vw-ejap:5555/SupportCenter/main.aspx?etc=127&extraqs=%3fetc%3d127%26id%3d%257bc5af3c16-78db-ea11-8826-00505695a183%257d&newWindow=true&pagetype=entityrecord : Success
dynamics.py - INFO - 2025-03-28 00:56:47,278 - ID: 5104 : KBA-43768-Y6V2F9 : http://sv-vw-ejap:5555/SupportCenter/main.aspx?etc=127&extraqs=%3fetc%3d127%26id%3d%257b42aef527-b721-ec11-8828-00505695a183%257d&newWindow=true&pagetype=entityrecord : Success
dynamics.py - INFO - 2025-03-28 00:56:59,745 - ID: 5084 : KBA-25038-N6K9Y1 : http://sv-vw-ejap:5555/SupportCenter/main.aspx?etc=127&extraqs=%3fetc%3d127%26id%3d%257b913130fc-2b23-eb11-8826-00505695a183%257d&newWindow=true&pagetype=entityrecord : Success
dynamics.py - INFO - 2025-03-28 00:57:12,565 - ID: 5086 : KBA-41864-H0X1G7 : http://sv-vw-ejap:5555/SupportCenter/main.aspx?etc=127&extraqs=%3fetc%3d127%26id%3d%257bd4d4ca05-6314-ec11-8828-0050569565d2%257d&newWindow=true&pagetype=entityrecord : Success
dynamics.py - INFO - 2025-03-28 00:57:25,968 - ID: 5087 : KBA-08378-W4P5Z1 : http://sv-vw-ejap:5555/SupportCenter/main.aspx?etc=127&extraqs=%3fetc%3d127%26id%3d%257b1a89feb3-45bb-ea11-8825-0050569565d2%257d&newWindow=true&pagetype=entityrecord : Success
dynamics.py - INFO - 2025-03-28 00:57:41,305 - ID: 5088 : KBA-79317-X4P6C1 : http://sv-vw-ejap:5555/SupportCenter/main.aspx?etc=127&extraqs=%3fetc%3d127%26id%3d%257b58b01cc7-6c28-ef11-8830-0050569565d2%257d&newWindow=true&pagetype=entityrecord : Success
dynamics.py - INFO - 2025-03-28 00:58:00,346 - ID: 5089 : KBA-08860-J5B6J8 : http://sv-vw-ejap:5555/SupportCenter/main.aspx?etc=127&extraqs=%3fetc%3d127%26id%3d%257bde8cfeb3-45bb-ea11-8825-0050569565d2%257d&newWindow=true&pagetype=entityrecord : Success
dynamics.py - INFO - 2025-03-28 00:58:13,351 - ID: 5090 : KBA-09782-N0L4V2 : http://sv-vw-ejap:5555/SupportCenter/main.aspx?etc=127&extraqs=%3fetc%3d127%26id%3d%257be85799e7-45bb-ea11-8826-00505695a183%257d&newWindow=true&pagetype=entityrecord : Success
dynamics.py - INFO - 2025-03-28 00:58:25,329 - ID: 5091 : KBA-79482-P4G2D9 : http://sv-vw-ejap:5555/SupportCenter/main.aspx?etc=127&extraqs=%3fetc%3d127%26id%3d%257b71c65178-422d-ef11-8830-0050569565d2%257d&newWindow=true&pagetype=entityrecord : Success
dynamics.py - INFO - 2025-03-28 00:58:37,438 - ID: 5105 : KBA-36267-J1Y8J8 : http://sv-vw-ejap:5555/SupportCenter/main.aspx?etc=127&extraqs=%3fetc%3d127%26id%3d%257bcf74a70f-efdd-eb11-8828-00505695a183%257d&newWindow=true&pagetype=entityrecord : Success
dynamics.py - INFO - 2025-03-28 00:58:49,765 - ID: 5107 : KBA-60220-V5J8P6 : http://sv-vw-ejap:5555/SupportCenter/main.aspx?etc=127&extraqs=%3fetc%3d127%26id%3d%257bab5935de-db38-ed11-882c-0050569565d2%257d&newWindow=true&pagetype=entityrecord : Success
dynamics.py - INFO - 2025-03-28 00:59:05,230 - ID: 5108 : KBA-07228-K5Z8H1 : http://sv-vw-ejap:5555/SupportCenter/main.aspx?etc=127&extraqs=%3fetc%3d127%26id%3d%257bdc9cfa7e-44bb-ea11-8826-00505695a183%257d&newWindow=true&pagetype=entityrecord : Success
dynamics.py - INFO - 2025-03-28 00:59:18,838 - ID: 5109 : KBA-09430-S3Y4W7 : http://sv-vw-ejap:5555/SupportCenter/main.aspx?etc=127&extraqs=%3fetc%3d127%26id%3d%257b285599e7-45bb-ea11-8826-00505695a183%257d&newWindow=true&pagetype=entityrecord : Success
dynamics.py - INFO - 2025-03-28 00:59:31,350 - ID: 5110 : KBA-81875-S2W9R9 : http://sv-vw-ejap:5555/SupportCenter/main.aspx?etc=127&extraqs=%3fetc%3d127%26id%3d%257b793c8169-806e-ef11-882f-00505695a183%257d&newWindow=true&pagetype=entityrecord : Success
dynamics.py - INFO - 2025-03-28 00:59:48,166 - ID: 5111 : KBA-80537-H1B5N8 : http://sv-vw-ejap:5555/SupportCenter/main.aspx?etc=127&extraqs=%3fetc%3d127%26id%3d%257bfe7049ba-5149-ef11-882f-00505695a183%257d&newWindow=true&pagetype=entityrecord : Success
dynamics.py - INFO - 2025-03-28 01:00:01,312 - ID: 5112 : KBA-07456-F4P2V9 : http://sv-vw-ejap:5555/SupportCenter/main.aspx?etc=127&extraqs=%3fetc%3d127%26id%3d%257b15d85e99-44bb-ea11-8826-00505695a183%257d&newWindow=true&pagetype=entityrecord : Success
dynamics.py - INFO - 2025-03-28 01:00:16,146 - ID: 5113 : KBA-08877-T4M3H6 : http://sv-vw-ejap:5555/SupportCenter/main.aspx?etc=127&extraqs=%3fetc%3d127%26id%3d%257b008dfeb3-45bb-ea11-8825-0050569565d2%257d&newWindow=true&pagetype=entityrecord : Success
dynamics.py - INFO - 2025-03-28 01:00:28,241 - ID: 5114 : KBA-40872-M5J4S0 : http://sv-vw-ejap:5555/SupportCenter/main.aspx?etc=127&extraqs=%3fetc%3d127%26id%3d%257b137d2478-690c-ec11-8828-0050569565d2%257d&newWindow=true&pagetype=entityrecord : Success
dynamics.py - INFO - 2025-03-28 01:00:39,986 - ID: 5117 : KBA-18239-L9K7G8 : http://sv-vw-ejap:5555/SupportCenter/main.aspx?etc=127&extraqs=%3fetc%3d127%26id%3d%257b64e79104-f8cb-ea11-8826-00505695a183%257d&newWindow=true&pagetype=entityrecord : Success
dynamics.py - INFO - 2025-03-28 01:00:52,082 - ID: 5118 : KBA-23381-L7Z1G5 : http://sv-vw-ejap:5555/SupportCenter/main.aspx?etc=127&extraqs=%3fetc%3d127%26id%3d%257bd29062bc-e302-eb11-8825-0050569565d2%257d&newWindow=true&pagetype=entityrecord : Success
dynamics.py - INFO - 2025-03-28 01:01:03,789 - ID: 5119 : KBA-72047-H4J0Z2 : http://sv-vw-ejap:5555/SupportCenter/main.aspx?etc=127&extraqs=%3fetc%3d127%26id%3d%257b3a58bbe2-da56-ee11-882e-0050569565d2%257d&newWindow=true&pagetype=entityrecord : Success
dynamics.py - INFO - 2025-03-28 01:01:16,246 - ID: 5120 : KBA-67242-C6Y9C2 : http://sv-vw-ejap:5555/SupportCenter/main.aspx?etc=127&extraqs=%3fetc%3d127%26id%3d%257bd19937e2-4ccd-ed11-882d-00505695a183%257d&newWindow=true&pagetype=entityrecord : Success
dynamics.py - INFO - 2025-03-28 01:01:29,078 - ID: 5121 : KBA-31307-Y4D7K1 : http://sv-vw-ejap:5555/SupportCenter/main.aspx?etc=127&extraqs=%3fetc%3d127%26id%3d%257b81889acf-6a8d-eb11-8827-0050569565d2%257d&newWindow=true&pagetype=entityrecord : Success
dynamics.py - INFO - 2025-03-28 01:01:42,135 - ID: 5122 : KBA-20525-G6Q4P4 : http://sv-vw-ejap:5555/SupportCenter/main.aspx?etc=127&extraqs=%3fetc%3d127%26id%3d%257b325f8909-55ee-ea11-8826-00505695a183%257d&newWindow=true&pagetype=entityrecord : Success
dynamics.py - INFO - 2025-03-28 01:02:00,022 - ID: 5123 : KBA-06778-J5R2N1 : http://sv-vw-ejap:5555/SupportCenter/main.aspx?etc=127&extraqs=%3fetc%3d127%26id%3d%257b5899fa7e-44bb-ea11-8826-00505695a183%257d&newWindow=true&pagetype=entityrecord : Success
dynamics.py - INFO - 2025-03-28 01:02:19,337 - ID: 5124 : KBA-59458-H2Q6M7 : http://sv-vw-ejap:5555/SupportCenter/main.aspx?etc=127&extraqs=%3fetc%3d127%26id%3d%257bc24795f5-732e-ed11-882c-00505695a183%257d&newWindow=true&pagetype=entityrecord : Success
dynamics.py - INFO - 2025-03-28 01:02:38,141 - ID: 5125 : KBA-80905-S7K0G2 : http://sv-vw-ejap:5555/SupportCenter/main.aspx?etc=127&extraqs=%3fetc%3d127%26id%3d%257be43b8256-0b53-ef11-882f-00505695a183%257d&newWindow=true&pagetype=entityrecord : Success
dynamics.py - INFO - 2025-03-28 01:02:50,673 - ID: 5128 : KBA-73926-S3D9T9 : http://sv-vw-ejap:5555/SupportCenter/main.aspx?etc=127&extraqs=%3fetc%3d127%26id%3d%257bafd6b5a9-4c8c-ee11-882e-00505695a183%257d&newWindow=true&pagetype=entityrecord : Success
dynamics.py - INFO - 2025-03-28 01:03:08,360 - ID: 5132 : KBA-09846-G1Q2Q6 : http://sv-vw-ejap:5555/SupportCenter/main.aspx?etc=127&extraqs=%3fetc%3d127%26id%3d%257b685899e7-45bb-ea11-8826-00505695a183%257d&newWindow=true&pagetype=entityrecord : Success
dynamics.py - INFO - 2025-03-28 01:03:23,358 - ID: 5133 : KBA-07226-R9V5F8 : http://sv-vw-ejap:5555/SupportCenter/main.aspx?etc=127&extraqs=%3fetc%3d127%26id%3d%257bd89cfa7e-44bb-ea11-8826-00505695a183%257d&newWindow=true&pagetype=entityrecord : Success
dynamics.py - INFO - 2025-03-28 01:03:35,990 - ID: 5134 : KBA-38928-D7G6M0 : http://sv-vw-ejap:5555/SupportCenter/main.aspx?etc=127&extraqs=%3fetc%3d127%26id%3d%257b167d43f6-4cfa-eb11-8828-00505695a183%257d&newWindow=true&pagetype=entityrecord : Success
dynamics.py - INFO - 2025-03-28 01:03:48,529 - ID: 5135 : KBA-06206-Q0C3P8 : http://sv-vw-ejap:5555/SupportCenter/main.aspx?etc=127&extraqs=%3fetc%3d127%26id%3d%257b4f9a5ce8-34bb-ea11-8826-00505695a183%257d&newWindow=true&pagetype=entityrecord : Success
dynamics.py - INFO - 2025-03-28 01:04:00,472 - ID: 5138 : KBA-72005-X7Q4N8 : http://sv-vw-ejap:5555/SupportCenter/main.aspx?etc=127&extraqs=%3fetc%3d127%26id%3d%257bd8417f82-2655-ee11-882e-0050569565d2%257d&newWindow=true&pagetype=entityrecord : Success
dynamics.py - INFO - 2025-03-28 01:04:14,279 - ID: 5140 : KBA-06692-X9Y7B2 : http://sv-vw-ejap:5555/SupportCenter/main.aspx?etc=127&extraqs=%3fetc%3d127%26id%3d%257bac98fa7e-44bb-ea11-8826-00505695a183%257d&newWindow=true&pagetype=entityrecord : Success
dynamics.py - INFO - 2025-03-28 01:04:26,717 - ID: 5141 : KBA-34128-R9Q8Z7 : http://sv-vw-ejap:5555/SupportCenter/main.aspx?etc=127&extraqs=%3fetc%3d127%26id%3d%257b60d92df9-38c5-eb11-8828-00505695a183%257d&newWindow=true&pagetype=entityrecord : Success
dynamics.py - INFO - 2025-03-28 01:04:38,909 - ID: 5142 : KBA-42463-N6W5S1 : http://sv-vw-ejap:5555/SupportCenter/main.aspx?etc=127&extraqs=%3fetc%3d127%26id%3d%257b82ac4ca9-441b-ec11-8828-00505695a183%257d&newWindow=true&pagetype=entityrecord : Success
dynamics.py - INFO - 2025-03-28 01:04:52,381 - ID: 5144 : KBA-06713-S4V7N9 : http://sv-vw-ejap:5555/SupportCenter/main.aspx?etc=127&extraqs=%3fetc%3d127%26id%3d%257bd698fa7e-44bb-ea11-8826-00505695a183%257d&newWindow=true&pagetype=entityrecord : Success
dynamics.py - INFO - 2025-03-28 01:05:06,583 - ID: 5145 : KBA-06641-W4F5Q3 : http://sv-vw-ejap:5555/SupportCenter/main.aspx?etc=127&extraqs=%3fetc%3d127%26id%3d%257b4698fa7e-44bb-ea11-8826-00505695a183%257d&newWindow=true&pagetype=entityrecord : Success
dynamics.py - INFO - 2025-03-28 01:05:19,476 - ID: 5146 : KBA-54984-Q3G4H4 : http://sv-vw-ejap:5555/SupportCenter/main.aspx?etc=127&extraqs=%3fetc%3d127%26id%3d%257b6b0de38e-38ba-ec11-882c-00505695a183%257d&newWindow=true&pagetype=entityrecord : Success
dynamics.py - INFO - 2025-03-28 01:05:33,986 - ID: 5147 : KBA-52708-G9X0Q8 : http://sv-vw-ejap:5555/SupportCenter/main.aspx?etc=127&extraqs=%3fetc%3d127%26id%3d%257b2c6405c3-fe9d-ec11-882c-0050569565d2%257d&newWindow=true&pagetype=entityrecord : Success
dynamics.py - INFO - 2025-03-28 01:05:47,819 - ID: 5148 : KBA-09677-W5F1C1 : http://sv-vw-ejap:5555/SupportCenter/main.aspx?etc=127&extraqs=%3fetc%3d127%26id%3d%257b165799e7-45bb-ea11-8826-00505695a183%257d&newWindow=true&pagetype=entityrecord : Success
dynamics.py - INFO - 2025-03-28 01:06:03,619 - ID: 5149 : KBA-09527-R1V3J5 : http://sv-vw-ejap:5555/SupportCenter/main.aspx?etc=127&extraqs=%3fetc%3d127%26id%3d%257bea5599e7-45bb-ea11-8826-00505695a183%257d&newWindow=true&pagetype=entityrecord : Success
dynamics.py - INFO - 2025-03-28 01:06:15,768 - ID: 5150 : KBA-28722-F0F1H3 : http://sv-vw-ejap:5555/SupportCenter/main.aspx?etc=127&extraqs=%3fetc%3d127%26id%3d%257bb31a61ac-d072-eb11-8826-0050569565d2%257d&newWindow=true&pagetype=entityrecord : Success
dynamics.py - INFO - 2025-03-28 01:06:27,929 - ID: 5151 : KBA-43799-C5Z6T3 : http://sv-vw-ejap:5555/SupportCenter/main.aspx?etc=127&extraqs=%3fetc%3d127%26id%3d%257be6911a45-bd21-ec11-8828-0050569565d2%257d&newWindow=true&pagetype=entityrecord : Success
dynamics.py - INFO - 2025-03-28 01:06:40,934 - ID: 5152 : KBA-43731-B7Y7M9 : http://sv-vw-ejap:5555/SupportCenter/main.aspx?etc=127&extraqs=%3fetc%3d127%26id%3d%257bfdfd2863-a521-ec11-8828-0050569565d2%257d&newWindow=true&pagetype=entityrecord : Success
dynamics.py - INFO - 2025-03-28 01:06:53,280 - ID: 5153 : KBA-81157-T5Q3M0 : http://sv-vw-ejap:5555/SupportCenter/main.aspx?etc=127&extraqs=%3fetc%3d127%26id%3d%257b85a21c77-e65a-ef11-8830-0050569565d2%257d&newWindow=true&pagetype=entityrecord : Success
dynamics.py - INFO - 2025-03-28 01:07:07,388 - ID: 5154 : KBA-75149-P1B9H1 : http://sv-vw-ejap:5555/SupportCenter/main.aspx?etc=127&extraqs=%3fetc%3d127%26id%3d%257bbcb7ea5e-47b8-ee11-8830-0050569565d2%257d&newWindow=true&pagetype=entityrecord : Success
dynamics.py - INFO - 2025-03-28 01:07:19,572 - ID: 5155 : KBA-31915-C0B9H0 : http://sv-vw-ejap:5555/SupportCenter/main.aspx?etc=127&extraqs=%3fetc%3d127%26id%3d%257bbbe7d1cb-4d9e-eb11-8827-0050569565d2%257d&newWindow=true&pagetype=entityrecord : Success
dynamics.py - INFO - 2025-03-28 01:07:35,109 - ID: 5156 : KBA-09154-P1D3P7 : http://sv-vw-ejap:5555/SupportCenter/main.aspx?etc=127&extraqs=%3fetc%3d127%26id%3d%257b2a8ffeb3-45bb-ea11-8825-0050569565d2%257d&newWindow=true&pagetype=entityrecord : Success
dynamics.py - INFO - 2025-03-28 01:07:47,565 - ID: 5157 : KBA-62312-T3Q9S1 : http://sv-vw-ejap:5555/SupportCenter/main.aspx?etc=127&extraqs=%3fetc%3d127%26id%3d%257b4894ff1f-f35c-ed11-882c-00505695a183%257d&newWindow=true&pagetype=entityrecord : Success
dynamics.py - INFO - 2025-03-28 01:08:15,940 - ID: 5158 : KBA-67504-N6Y8V0 : http://sv-vw-ejap:5555/SupportCenter/main.aspx?etc=127&extraqs=%3fetc%3d127%26id%3d%257b92255714-ecce-ed11-882d-0050569565d2%257d&newWindow=true&pagetype=entityrecord : Success
dynamics.py - INFO - 2025-03-28 01:08:46,613 - ID: 5159 : KBA-61162-X1M2F2 : http://sv-vw-ejap:5555/SupportCenter/main.aspx?etc=127&extraqs=%3fetc%3d127%26id%3d%257b4d20a2e2-e83f-ed11-882c-00505695a183%257d&newWindow=true&pagetype=entityrecord : Success
dynamics.py - INFO - 2025-03-28 01:09:02,153 - ID: 5160 : KBA-23381-L7Z1G5 : http://sv-vw-ejap:5555/SupportCenter/main.aspx?etc=127&extraqs=%3fetc%3d127%26id%3d%257bd29062bc-e302-eb11-8825-0050569565d2%257d&newWindow=true&pagetype=entityrecord : Success
dynamics.py - INFO - 2025-03-28 01:09:16,830 - ID: 5161 : KBA-09159-Q8X8C8 : http://sv-vw-ejap:5555/SupportCenter/main.aspx?etc=127&extraqs=%3fetc%3d127%26id%3d%257b348ffeb3-45bb-ea11-8825-0050569565d2%257d&newWindow=true&pagetype=entityrecord : Success
dynamics.py - INFO - 2025-03-28 01:09:43,675 - ID: 5162 : KBA-24049-N5Z2S5 : http://sv-vw-ejap:5555/SupportCenter/main.aspx?etc=127&extraqs=%3fetc%3d127%26id%3d%257bd7e75d72-480c-eb11-8826-00505695a183%257d&newWindow=true&pagetype=entityrecord : Success
dynamics.py - INFO - 2025-03-28 01:09:56,137 - ID: 5163 : KBA-40388-B8P3M6 : http://sv-vw-ejap:5555/SupportCenter/main.aspx?etc=127&extraqs=%3fetc%3d127%26id%3d%257b96521033-c407-ec11-8828-00505695a183%257d&newWindow=true&pagetype=entityrecord : Success
dynamics.py - INFO - 2025-03-28 01:10:08,221 - ID: 5164 : KBA-25594-R7D7R3 : http://sv-vw-ejap:5555/SupportCenter/main.aspx?etc=127&extraqs=%3fetc%3d127%26id%3d%257ba3f2608d-d532-eb11-8826-00505695a183%257d&newWindow=true&pagetype=entityrecord : Success
dynamics.py - INFO - 2025-03-28 01:10:20,305 - ID: 5165 : KBA-25600-C4R9Z9 : http://sv-vw-ejap:5555/SupportCenter/main.aspx?etc=127&extraqs=%3fetc%3d127%26id%3d%257badd6148e-d732-eb11-8826-00505695a183%257d&newWindow=true&pagetype=entityrecord : Success
dynamics.py - INFO - 2025-03-28 01:10:32,899 - ID: 5166 : KBA-25601-F6N1M2 : http://sv-vw-ejap:5555/SupportCenter/main.aspx?etc=127&extraqs=%3fetc%3d127%26id%3d%257b4e5e01a6-d732-eb11-8826-00505695a183%257d&newWindow=true&pagetype=entityrecord : Success
dynamics.py - INFO - 2025-03-28 01:10:45,535 - ID: 5167 : KBA-25641-C4J6K7 : http://sv-vw-ejap:5555/SupportCenter/main.aspx?etc=127&extraqs=%3fetc%3d127%26id%3d%257b023b32d0-7c33-eb11-8826-00505695a183%257d&newWindow=true&pagetype=entityrecord : Success
dynamics.py - INFO - 2025-03-28 01:10:58,642 - ID: 5168 : KBA-25808-R3H0Y2 : http://sv-vw-ejap:5555/SupportCenter/main.aspx?etc=127&extraqs=%3fetc%3d127%26id%3d%257b0e4512fc-2238-eb11-8826-00505695a183%257d&newWindow=true&pagetype=entityrecord : Success
dynamics.py - INFO - 2025-03-28 01:11:13,435 - ID: 5169 : KBA-61699-W1T5T8 : http://sv-vw-ejap:5555/SupportCenter/main.aspx?etc=127&extraqs=%3fetc%3d127%26id%3d%257b29bf280c-164d-ed11-882c-00505695a183%257d&newWindow=true&pagetype=entityrecord : Success
dynamics.py - INFO - 2025-03-28 01:11:27,159 - ID: 5170 : KBA-29416-K3J7X9 : http://sv-vw-ejap:5555/SupportCenter/main.aspx?etc=127&extraqs=%3fetc%3d127%26id%3d%257bd4f427d8-bb7b-eb11-8826-0050569565d2%257d&newWindow=true&pagetype=entityrecord : Success
dynamics.py - INFO - 2025-03-28 01:11:40,473 - ID: 5173 : KBA-69692-X4S4W3 : http://sv-vw-ejap:5555/SupportCenter/main.aspx?etc=127&extraqs=%3fetc%3d127%26id%3d%257bd9c9a6b7-8215-ee11-882d-0050569565d2%257d&newWindow=true&pagetype=entityrecord : Success
dynamics.py - INFO - 2025-03-28 01:11:53,104 - ID: 5174 : KBA-31869-P6Y8G9 : http://sv-vw-ejap:5555/SupportCenter/main.aspx?etc=127&extraqs=%3fetc%3d127%26id%3d%257b9a00138b-369b-eb11-8827-0050569565d2%257d&newWindow=true&pagetype=entityrecord : Success
dynamics.py - INFO - 2025-03-28 01:12:06,214 - ID: 5176 : KBA-08743-G1N8M1 : http://sv-vw-ejap:5555/SupportCenter/main.aspx?etc=127&extraqs=%3fetc%3d127%26id%3d%257bf48bfeb3-45bb-ea11-8825-0050569565d2%257d&newWindow=true&pagetype=entityrecord : Success
dynamics.py - INFO - 2025-03-28 01:12:20,212 - ID: 5177 : KBA-25856-R8S5Q4 : http://sv-vw-ejap:5555/SupportCenter/main.aspx?etc=127&extraqs=%3fetc%3d127%26id%3d%257b5f8fa312-1e39-eb11-8826-00505695a183%257d&newWindow=true&pagetype=entityrecord : Success
dynamics.py - INFO - 2025-03-28 01:12:32,467 - ID: 5178 : KBA-51744-Z3M1S7 : http://sv-vw-ejap:5555/SupportCenter/main.aspx?etc=127&extraqs=%3fetc%3d127%26id%3d%257bdb933814-f092-ec11-882b-00505695a183%257d&newWindow=true&pagetype=entityrecord : Success
dynamics.py - INFO - 2025-03-28 01:12:44,975 - ID: 5179 : KBA-55371-T1N0L6 : http://sv-vw-ejap:5555/SupportCenter/main.aspx?etc=127&extraqs=%3fetc%3d127%26id%3d%257b7db6ffde-16c9-ec11-882c-0050569565d2%257d&newWindow=true&pagetype=entityrecord : Success
dynamics.py - INFO - 2025-03-28 01:13:14,440 - ID: 5180 : KBA-05286-G3J2L0 : http://sv-vw-ejap:5555/SupportCenter/main.aspx?etc=127&extraqs=%3fetc%3d127%26id%3d%257b2209b58b-33bb-ea11-8826-00505695a183%257d&newWindow=true&pagetype=entityrecord : Success
dynamics.py - INFO - 2025-03-28 01:13:28,560 - ID: 5181 : KBA-05067-P2P0R8 : http://sv-vw-ejap:5555/SupportCenter/main.aspx?etc=127&extraqs=%3fetc%3d127%26id%3d%257b6c07b58b-33bb-ea11-8826-00505695a183%257d&newWindow=true&pagetype=entityrecord : Success
dynamics.py - INFO - 2025-03-28 01:13:41,770 - ID: 5182 : KBA-06548-X4Y5B2 : http://sv-vw-ejap:5555/SupportCenter/main.aspx?etc=127&extraqs=%3fetc%3d127%26id%3d%257b8c97fa7e-44bb-ea11-8826-00505695a183%257d&newWindow=true&pagetype=entityrecord : Success
dynamics.py - INFO - 2025-03-28 01:13:57,652 - ID: 5183 : KBA-49825-L1C2K8 : http://sv-vw-ejap:5555/SupportCenter/main.aspx?etc=127&extraqs=%3fetc%3d127%26id%3d%257b7e0518a4-196d-ec11-882a-0050569565d2%257d&newWindow=true&pagetype=entityrecord : Success
dynamics.py - INFO - 2025-03-28 01:14:10,593 - ID: 5184 : KBA-06428-R1Y2G6 : http://sv-vw-ejap:5555/SupportCenter/main.aspx?etc=127&extraqs=%3fetc%3d127%26id%3d%257b9c96fa7e-44bb-ea11-8826-00505695a183%257d&newWindow=true&pagetype=entityrecord : Success
dynamics.py - INFO - 2025-03-28 01:14:37,978 - ID: 5185 : KBA-51964-W0P2T9 : http://sv-vw-ejap:5555/SupportCenter/main.aspx?etc=127&extraqs=%3fetc%3d127%26id%3d%257b005b0026-3096-ec11-882c-00505695a183%257d&newWindow=true&pagetype=entityrecord : Success
dynamics.py - INFO - 2025-03-28 01:15:06,467 - ID: 5186 : KBA-82049-M4Q4H0 : http://sv-vw-ejap:5555/SupportCenter/main.aspx?etc=127&extraqs=%3fetc%3d127%26id%3d%257b5605b524-1470-ef11-8830-0050569565d2%257d&newWindow=true&pagetype=entityrecord : Success
dynamics.py - INFO - 2025-03-28 01:15:19,288 - ID: 5188 : KBA-54984-Q3G4H4 : http://sv-vw-ejap:5555/SupportCenter/main.aspx?etc=127&extraqs=%3fetc%3d127%26id%3d%257b6b0de38e-38ba-ec11-882c-00505695a183%257d&newWindow=true&pagetype=entityrecord : Success
dynamics.py - INFO - 2025-03-28 01:15:38,840 - ID: 5189 : KBA-61162-X1M2F2 : http://sv-vw-ejap:5555/SupportCenter/main.aspx?etc=127&extraqs=%3fetc%3d127%26id%3d%257b4d20a2e2-e83f-ed11-882c-00505695a183%257d&newWindow=true&pagetype=entityrecord : Success
dynamics.py - INFO - 2025-03-28 01:15:59,433 - ID: 5190 : KBA-39819-Z9V9Q1 : http://sv-vw-ejap:5555/SupportCenter/main.aspx?etc=127&extraqs=%3fetc%3d127%26id%3d%257bfa0ff475-cb03-ec11-8828-00505695a183%257d&newWindow=true&pagetype=entityrecord : Success
dynamics.py - INFO - 2025-03-28 01:16:11,764 - ID: 5191 : KBA-64672-H1W9W9 : http://sv-vw-ejap:5555/SupportCenter/main.aspx?etc=127&extraqs=%3fetc%3d127%26id%3d%257ba119520b-78a0-ed11-882d-0050569565d2%257d&newWindow=true&pagetype=entityrecord : Success
dynamics.py - INFO - 2025-03-28 01:16:24,338 - ID: 5192 : KBA-25223-W7L4R8 : http://sv-vw-ejap:5555/SupportCenter/main.aspx?etc=127&extraqs=%3fetc%3d127%26id%3d%257b774db7aa-2d2a-eb11-8825-0050569565d2%257d&newWindow=true&pagetype=entityrecord : Success
dynamics.py - INFO - 2025-03-28 01:16:36,521 - ID: 5193 : KBA-75813-L5B1X1 : http://sv-vw-ejap:5555/SupportCenter/main.aspx?etc=127&extraqs=%3fetc%3d127%26id%3d%257b8c328bbc-61d1-ee11-8830-0050569565d2%257d&newWindow=true&pagetype=entityrecord : Success
dynamics.py - INFO - 2025-03-28 01:17:07,617 - ID: 5194 : KBA-79317-X4P6C1 : http://sv-vw-ejap:5555/SupportCenter/main.aspx?etc=127&extraqs=%3fetc%3d127%26id%3d%257b58b01cc7-6c28-ef11-8830-0050569565d2%257d&newWindow=true&pagetype=entityrecord : Success
dynamics.py - INFO - 2025-03-28 01:17:20,008 - ID: 5195 : KBA-08954-Z3X0R5 : http://sv-vw-ejap:5555/SupportCenter/main.aspx?etc=127&extraqs=%3fetc%3d127%26id%3d%257b9a8dfeb3-45bb-ea11-8825-0050569565d2%257d&newWindow=true&pagetype=entityrecord : Success
dynamics.py - INFO - 2025-03-28 01:17:32,253 - ID: 5196 : KBA-65712-X2K2Z2 : http://sv-vw-ejap:5555/SupportCenter/main.aspx?etc=127&extraqs=%3fetc%3d127%26id%3d%257b7cd5f652-4cb9-ed11-882d-0050569565d2%257d&newWindow=true&pagetype=entityrecord : Success
dynamics.py - INFO - 2025-03-28 01:17:46,054 - ID: 5197 : KBA-09583-C3T5B5 : http://sv-vw-ejap:5555/SupportCenter/main.aspx?etc=127&extraqs=%3fetc%3d127%26id%3d%257b5a5699e7-45bb-ea11-8826-00505695a183%257d&newWindow=true&pagetype=entityrecord : Success
dynamics.py - INFO - 2025-03-28 01:18:00,759 - ID: 5198 : KBA-06839-J6K0H9 : http://sv-vw-ejap:5555/SupportCenter/main.aspx?etc=127&extraqs=%3fetc%3d127%26id%3d%257bd299fa7e-44bb-ea11-8826-00505695a183%257d&newWindow=true&pagetype=entityrecord : Success
dynamics.py - INFO - 2025-03-28 01:18:13,041 - ID: 5200 : KBA-32558-L3F9N8 : http://sv-vw-ejap:5555/SupportCenter/main.aspx?etc=127&extraqs=%3fetc%3d127%26id%3d%257b7d217db2-3bb2-eb11-8827-0050569565d2%257d&newWindow=true&pagetype=entityrecord : Success
dynamics.py - INFO - 2025-03-28 01:18:26,443 - ID: 5201 : KBA-04949-G2M1B7 : http://sv-vw-ejap:5555/SupportCenter/main.aspx?etc=127&extraqs=%3fetc%3d127%26id%3d%257b8006b58b-33bb-ea11-8826-00505695a183%257d&newWindow=true&pagetype=entityrecord : Success
dynamics.py - INFO - 2025-03-28 01:18:38,551 - ID: 5202 : KBA-24424-H2H8N1 : http://sv-vw-ejap:5555/SupportCenter/main.aspx?etc=127&extraqs=%3fetc%3d127%26id%3d%257b1a55adc8-8312-eb11-8826-00505695a183%257d&newWindow=true&pagetype=entityrecord : Success
dynamics.py - INFO - 2025-03-28 01:18:54,657 - ID: 5203 : KBA-73863-T6P1F4 : http://sv-vw-ejap:5555/SupportCenter/main.aspx?etc=127&extraqs=%3fetc%3d127%26id%3d%257b0c96d30a-1288-ee11-882e-00505695a183%257d&newWindow=true&pagetype=entityrecord : Success
dynamics.py - INFO - 2025-03-28 01:19:11,139 - ID: 5204 : KBA-40732-W2Z9B8 : http://sv-vw-ejap:5555/SupportCenter/main.aspx?etc=127&extraqs=%3fetc%3d127%26id%3d%257b8ee0028d-0c0b-ec11-8828-00505695a183%257d&newWindow=true&pagetype=entityrecord : Success
dynamics.py - INFO - 2025-03-28 01:19:23,408 - ID: 5205 : KBA-20062-T3S8C8 : http://sv-vw-ejap:5555/SupportCenter/main.aspx?etc=127&extraqs=%3fetc%3d127%26id%3d%257b1da1fc1b-cde8-ea11-8826-00505695a183%257d&newWindow=true&pagetype=entityrecord : Success
dynamics.py - INFO - 2025-03-28 01:19:35,858 - ID: 5206 : KBA-04859-B2S3L3 : http://sv-vw-ejap:5555/SupportCenter/main.aspx?etc=127&extraqs=%3fetc%3d127%26id%3d%257bcc05b58b-33bb-ea11-8826-00505695a183%257d&newWindow=true&pagetype=entityrecord : Success
dynamics.py - INFO - 2025-03-28 01:19:50,106 - ID: 5207 : KBA-04860-S1J0D9 : http://sv-vw-ejap:5555/SupportCenter/main.aspx?etc=127&extraqs=%3fetc%3d127%26id%3d%257bce05b58b-33bb-ea11-8826-00505695a183%257d&newWindow=true&pagetype=entityrecord : Success
dynamics.py - INFO - 2025-03-28 01:20:02,870 - ID: 5208 : KBA-04861-X7G3S8 : http://sv-vw-ejap:5555/SupportCenter/main.aspx?etc=127&extraqs=%3fetc%3d127%26id%3d%257bd005b58b-33bb-ea11-8826-00505695a183%257d&newWindow=true&pagetype=entityrecord : Success
dynamics.py - INFO - 2025-03-28 01:20:15,303 - ID: 5209 : KBA-04862-K0K9D2 : http://sv-vw-ejap:5555/SupportCenter/main.aspx?etc=127&extraqs=%3fetc%3d127%26id%3d%257bd205b58b-33bb-ea11-8826-00505695a183%257d&newWindow=true&pagetype=entityrecord : Success
dynamics.py - INFO - 2025-03-28 01:20:27,530 - ID: 5210 : KBA-04863-R2L0Y3 : http://sv-vw-ejap:5555/SupportCenter/main.aspx?etc=127&extraqs=%3fetc%3d127%26id%3d%257bd405b58b-33bb-ea11-8826-00505695a183%257d&newWindow=true&pagetype=entityrecord : Success
dynamics.py - INFO - 2025-03-28 01:20:55,565 - ID: 5229 : KBA-09277-V6Z3T6 : http://sv-vw-ejap:5555/SupportCenter/main.aspx?etc=127&extraqs=%3fetc%3d127%26id%3d%257b2090feb3-45bb-ea11-8825-0050569565d2%257d&newWindow=true&pagetype=entityrecord : Success
dynamics.py - INFO - 2025-03-28 01:21:08,155 - ID: 5230 : KBA-09282-R9F7V2 : http://sv-vw-ejap:5555/SupportCenter/main.aspx?etc=127&extraqs=%3fetc%3d127%26id%3d%257b2a90feb3-45bb-ea11-8825-0050569565d2%257d&newWindow=true&pagetype=entityrecord : Success
dynamics.py - INFO - 2025-03-28 01:21:20,949 - ID: 5231 : KBA-09283-Z6P1L5 : http://sv-vw-ejap:5555/SupportCenter/main.aspx?etc=127&extraqs=%3fetc%3d127%26id%3d%257b2c90feb3-45bb-ea11-8825-0050569565d2%257d&newWindow=true&pagetype=entityrecord : Success
dynamics.py - INFO - 2025-03-28 01:21:33,869 - ID: 5234 : KBA-09285-Z4C7Z8 : http://sv-vw-ejap:5555/SupportCenter/main.aspx?etc=127&extraqs=%3fetc%3d127%26id%3d%257b3090feb3-45bb-ea11-8825-0050569565d2%257d&newWindow=true&pagetype=entityrecord : Success
dynamics.py - INFO - 2025-03-28 01:21:46,743 - ID: 5235 : KBA-09287-H9W0M9 : http://sv-vw-ejap:5555/SupportCenter/main.aspx?etc=127&extraqs=%3fetc%3d127%26id%3d%257b3490feb3-45bb-ea11-8825-0050569565d2%257d&newWindow=true&pagetype=entityrecord : Success
dynamics.py - INFO - 2025-03-28 01:22:00,320 - ID: 5223 : KBA-34718-Z6C6T9 : http://sv-vw-ejap:5555/SupportCenter/main.aspx?etc=127&extraqs=%3fetc%3d127%26id%3d%257b4261d2b4-d3cc-eb11-8828-00505695a183%257d&newWindow=true&pagetype=entityrecord : Success
dynamics.py - INFO - 2025-03-28 01:22:12,412 - ID: 5224 : KBA-21442-S1L9M4 : http://sv-vw-ejap:5555/SupportCenter/main.aspx?etc=127&extraqs=%3fetc%3d127%26id%3d%257b10f1e3c1-04f7-ea11-8826-00505695a183%257d&newWindow=true&pagetype=entityrecord : Success
dynamics.py - INFO - 2025-03-28 01:22:25,092 - ID: 5225 : KBA-09273-G5X2T7 : http://sv-vw-ejap:5555/SupportCenter/main.aspx?etc=127&extraqs=%3fetc%3d127%26id%3d%257b1890feb3-45bb-ea11-8825-0050569565d2%257d&newWindow=true&pagetype=entityrecord : Success
dynamics.py - INFO - 2025-03-28 01:22:40,587 - ID: 5227 : KBA-09275-K5P4X9 : http://sv-vw-ejap:5555/SupportCenter/main.aspx?etc=127&extraqs=%3fetc%3d127%26id%3d%257b1c90feb3-45bb-ea11-8825-0050569565d2%257d&newWindow=true&pagetype=entityrecord : Success
dynamics.py - INFO - 2025-03-28 01:22:53,288 - ID: 5228 : KBA-09276-P0M1V7 : http://sv-vw-ejap:5555/SupportCenter/main.aspx?etc=127&extraqs=%3fetc%3d127%26id%3d%257b1e90feb3-45bb-ea11-8825-0050569565d2%257d&newWindow=true&pagetype=entityrecord : Success
dynamics.py - INFO - 2025-03-28 01:23:05,843 - ID: 5250 : KBA-21479-C3V7H0 : http://sv-vw-ejap:5555/SupportCenter/main.aspx?etc=127&extraqs=%3fetc%3d127%26id%3d%257b7475adb6-29f7-ea11-8825-0050569565d2%257d&newWindow=true&pagetype=entityrecord : Success
dynamics.py - INFO - 2025-03-28 01:23:17,843 - ID: 5251 : KBA-21538-K3L5S1 : http://sv-vw-ejap:5555/SupportCenter/main.aspx?etc=127&extraqs=%3fetc%3d127%26id%3d%257b71816225-b1f7-ea11-8825-0050569565d2%257d&newWindow=true&pagetype=entityrecord : Success
dynamics.py - INFO - 2025-03-28 01:23:30,199 - ID: 5252 : KBA-21539-F5L7K4 : http://sv-vw-ejap:5555/SupportCenter/main.aspx?etc=127&extraqs=%3fetc%3d127%26id%3d%257b415f51c1-b1f7-ea11-8825-0050569565d2%257d&newWindow=true&pagetype=entityrecord : Success
dynamics.py - INFO - 2025-03-28 01:23:42,403 - ID: 5253 : KBA-21848-F2M6M7 : http://sv-vw-ejap:5555/SupportCenter/main.aspx?etc=127&extraqs=%3fetc%3d127%26id%3d%257b278a3c96-45f9-ea11-8825-0050569565d2%257d&newWindow=true&pagetype=entityrecord : Success
dynamics.py - INFO - 2025-03-28 01:23:54,356 - ID: 5254 : KBA-21996-N5N3L6 : http://sv-vw-ejap:5555/SupportCenter/main.aspx?etc=127&extraqs=%3fetc%3d127%26id%3d%257b8466e6ab-17fa-ea11-8825-0050569565d2%257d&newWindow=true&pagetype=entityrecord : Success
dynamics.py - INFO - 2025-03-28 01:24:06,396 - ID: 5255 : KBA-22363-M9X2H6 : http://sv-vw-ejap:5555/SupportCenter/main.aspx?etc=127&extraqs=%3fetc%3d127%26id%3d%257b7aa4dc71-1afe-ea11-8825-0050569565d2%257d&newWindow=true&pagetype=entityrecord : Success
dynamics.py - INFO - 2025-03-28 01:24:19,690 - ID: 5256 : KBA-22365-S3W1L4 : http://sv-vw-ejap:5555/SupportCenter/main.aspx?etc=127&extraqs=%3fetc%3d127%26id%3d%257b1db204dd-1afe-ea11-8825-0050569565d2%257d&newWindow=true&pagetype=entityrecord : Success
dynamics.py - INFO - 2025-03-28 01:24:33,218 - ID: 5236 : KBA-09288-M7C4M9 : http://sv-vw-ejap:5555/SupportCenter/main.aspx?etc=127&extraqs=%3fetc%3d127%26id%3d%257b3690feb3-45bb-ea11-8825-0050569565d2%257d&newWindow=true&pagetype=entityrecord : Success
dynamics.py - INFO - 2025-03-28 01:24:45,310 - ID: 5237 : KBA-20566-Q1P4T9 : http://sv-vw-ejap:5555/SupportCenter/main.aspx?etc=127&extraqs=%3fetc%3d127%26id%3d%257b3e307e3d-7cee-ea11-8825-0050569565d2%257d&newWindow=true&pagetype=entityrecord : Success
dynamics.py - INFO - 2025-03-28 01:24:57,477 - ID: 5238 : KBA-20567-M1Q7V9 : http://sv-vw-ejap:5555/SupportCenter/main.aspx?etc=127&extraqs=%3fetc%3d127%26id%3d%257b18ee775a-7cee-ea11-8825-0050569565d2%257d&newWindow=true&pagetype=entityrecord : Success
dynamics.py - INFO - 2025-03-28 01:25:09,611 - ID: 5239 : KBA-20568-G5F4S0 : http://sv-vw-ejap:5555/SupportCenter/main.aspx?etc=127&extraqs=%3fetc%3d127%26id%3d%257b5e6e0a80-7cee-ea11-8825-0050569565d2%257d&newWindow=true&pagetype=entityrecord : Success
dynamics.py - INFO - 2025-03-28 01:25:22,117 - ID: 5240 : KBA-20574-V2N1C4 : http://sv-vw-ejap:5555/SupportCenter/main.aspx?etc=127&extraqs=%3fetc%3d127%26id%3d%257bbc32ff02-7eee-ea11-8825-0050569565d2%257d&newWindow=true&pagetype=entityrecord : Success
dynamics.py - INFO - 2025-03-28 01:25:34,518 - ID: 5241 : KBA-20575-Z8W9D1 : http://sv-vw-ejap:5555/SupportCenter/main.aspx?etc=127&extraqs=%3fetc%3d127%26id%3d%257b363c7f2d-7eee-ea11-8825-0050569565d2%257d&newWindow=true&pagetype=entityrecord : Success
dynamics.py - INFO - 2025-03-28 01:25:46,678 - ID: 5242 : KBA-20576-D7L2X9 : http://sv-vw-ejap:5555/SupportCenter/main.aspx?etc=127&extraqs=%3fetc%3d127%26id%3d%257bf299d397-7eee-ea11-8825-0050569565d2%257d&newWindow=true&pagetype=entityrecord : Success
dynamics.py - INFO - 2025-03-28 01:25:58,907 - ID: 5243 : KBA-20580-R7N4T0 : http://sv-vw-ejap:5555/SupportCenter/main.aspx?etc=127&extraqs=%3fetc%3d127%26id%3d%257b4091ed0d-7fee-ea11-8825-0050569565d2%257d&newWindow=true&pagetype=entityrecord : Success
dynamics.py - INFO - 2025-03-28 01:26:11,851 - ID: 5244 : KBA-20653-W4M8V8 : http://sv-vw-ejap:5555/SupportCenter/main.aspx?etc=127&extraqs=%3fetc%3d127%26id%3d%257beb6e137c-a7ee-ea11-8825-0050569565d2%257d&newWindow=true&pagetype=entityrecord : Success
dynamics.py - INFO - 2025-03-28 01:26:24,409 - ID: 5245 : KBA-20664-N7F1M4 : http://sv-vw-ejap:5555/SupportCenter/main.aspx?etc=127&extraqs=%3fetc%3d127%26id%3d%257bc88f3906-16f0-ea11-8825-0050569565d2%257d&newWindow=true&pagetype=entityrecord : Success
dynamics.py - INFO - 2025-03-28 01:26:36,637 - ID: 5246 : KBA-21128-D2H1N4 : http://sv-vw-ejap:5555/SupportCenter/main.aspx?etc=127&extraqs=%3fetc%3d127%26id%3d%257b69e5dc4d-04f4-ea11-8825-0050569565d2%257d&newWindow=true&pagetype=entityrecord : Success
dynamics.py - INFO - 2025-03-28 01:26:48,879 - ID: 5247 : KBA-21153-H5P0C9 : http://sv-vw-ejap:5555/SupportCenter/main.aspx?etc=127&extraqs=%3fetc%3d127%26id%3d%257be37e9d3a-18f4-ea11-8825-0050569565d2%257d&newWindow=true&pagetype=entityrecord : Success
dynamics.py - INFO - 2025-03-28 01:27:16,753 - ID: 5248 : KBA-21116-T2Q1W7 : http://sv-vw-ejap:5555/SupportCenter/main.aspx?etc=127&extraqs=%3fetc%3d127%26id%3d%257b3ab62665-fef3-ea11-8825-0050569565d2%257d&newWindow=true&pagetype=entityrecord : Success
dynamics.py - INFO - 2025-03-28 01:27:28,750 - ID: 5249 : KBA-21117-Q9D5H2 : http://sv-vw-ejap:5555/SupportCenter/main.aspx?etc=127&extraqs=%3fetc%3d127%26id%3d%257bd83ee66f-fef3-ea11-8825-0050569565d2%257d&newWindow=true&pagetype=entityrecord : Success
dynamics.py - INFO - 2025-03-28 01:27:43,002 - ID: 5306 : KBA-81642-S8Y7V8 : http://sv-vw-ejap:5555/SupportCenter/main.aspx?etc=127&extraqs=%3fetc%3d127%26id%3d%257b8cdc6efd-7b6a-ef11-882f-00505695a183%257d&newWindow=true&pagetype=entityrecord : Success
dynamics.py - INFO - 2025-03-28 01:27:55,484 - ID: 5307 : KBA-81627-L6W1R2 : http://sv-vw-ejap:5555/SupportCenter/main.aspx?etc=127&extraqs=%3fetc%3d127%26id%3d%257b79498e0b-566a-ef11-882f-00505695a183%257d&newWindow=true&pagetype=entityrecord : Success
dynamics.py - INFO - 2025-03-28 01:28:07,522 - ID: 5308 : KBA-81626-F7S9Y5 : http://sv-vw-ejap:5555/SupportCenter/main.aspx?etc=127&extraqs=%3fetc%3d127%26id%3d%257be87435a6-526a-ef11-882f-00505695a183%257d&newWindow=true&pagetype=entityrecord : Success
dynamics.py - INFO - 2025-03-28 01:28:19,632 - ID: 5309 : KBA-33241-B9K8G6 : http://sv-vw-ejap:5555/SupportCenter/main.aspx?etc=127&extraqs=%3fetc%3d127%26id%3d%257bc3c5565a-50bc-eb11-8828-0050569565d2%257d&newWindow=true&pagetype=entityrecord : Success
dynamics.py - INFO - 2025-03-28 01:28:32,208 - ID: 5310 : KBA-35003-K2F4M8 : http://sv-vw-ejap:5555/SupportCenter/main.aspx?etc=127&extraqs=%3fetc%3d127%26id%3d%257baa0a2574-46cf-eb11-8828-0050569565d2%257d&newWindow=true&pagetype=entityrecord : Success
dynamics.py - INFO - 2025-03-28 01:28:44,321 - ID: 5311 : KBA-18296-Y0B1W3 : http://sv-vw-ejap:5555/SupportCenter/main.aspx?etc=127&extraqs=%3fetc%3d127%26id%3d%257b5a4c8a3b-ebcf-ea11-8826-00505695a183%257d&newWindow=true&pagetype=entityrecord : Success
dynamics.py - INFO - 2025-03-28 01:28:57,852 - ID: 5312 : KBA-82811-G0X7V4 : http://sv-vw-ejap:5555/SupportCenter/main.aspx?etc=127&extraqs=%3fetc%3d127%26id%3d%257b132e0d74-ae7d-ef11-8830-00505695a183%257d&newWindow=true&pagetype=entityrecord : Success
dynamics.py - INFO - 2025-03-28 01:29:09,720 - ID: 5343 : KBA-47313-S8C0Y9 : http://sv-vw-ejap:5555/SupportCenter/main.aspx?etc=127&extraqs=%3fetc%3d127%26id%3d%257b590c277e-8f4d-ec11-882a-00505695a183%257d&newWindow=true&pagetype=entityrecord : Success
dynamics.py - INFO - 2025-03-28 01:29:21,782 - ID: 5344 : KBA-82248-X9X4Q2 : http://sv-vw-ejap:5555/SupportCenter/main.aspx?etc=127&extraqs=%3fetc%3d127%26id%3d%257b4aae9159-e974-ef11-8831-0050569565d2%257d&newWindow=true&pagetype=entityrecord : Success
dynamics.py - INFO - 2025-03-28 01:29:34,470 - ID: 5345 : KBA-75485-D0R9L1 : http://sv-vw-ejap:5555/SupportCenter/main.aspx?etc=127&extraqs=%3fetc%3d127%26id%3d%257bc47342e6-acc4-ee11-8830-0050569565d2%257d&newWindow=true&pagetype=entityrecord : Success
dynamics.py - INFO - 2025-03-28 01:29:46,663 - ID: 5346 : KBA-65113-J6T0B9 : http://sv-vw-ejap:5555/SupportCenter/main.aspx?etc=127&extraqs=%3fetc%3d127%26id%3d%257b0e3fd1b7-cead-ed11-882d-0050569565d2%257d&newWindow=true&pagetype=entityrecord : Success
dynamics.py - INFO - 2025-03-28 01:29:58,808 - ID: 5363 : KBA-58512-P7V4X8 : http://sv-vw-ejap:5555/SupportCenter/main.aspx?etc=127&extraqs=%3fetc%3d127%26id%3d%257bd714fd94-ca1f-ed11-882c-0050569565d2%257d&newWindow=true&pagetype=entityrecord : Success
dynamics.py - INFO - 2025-03-28 01:30:10,976 - ID: 5364 : KBA-57947-W8Z9Y1 : http://sv-vw-ejap:5555/SupportCenter/main.aspx?etc=127&extraqs=%3fetc%3d127%26id%3d%257bc0155be9-2416-ed11-882c-0050569565d2%257d&newWindow=true&pagetype=entityrecord : Success
dynamics.py - INFO - 2025-03-28 01:30:23,927 - ID: 5385 : KBA-81471-F3L9D6 : http://sv-vw-ejap:5555/SupportCenter/main.aspx?etc=127&extraqs=%3fetc%3d127%26id%3d%257b02763cf7-f264-ef11-8830-0050569565d2%257d&newWindow=true&pagetype=entityrecord : Success
dynamics.py - INFO - 2025-03-28 01:30:36,224 - ID: 5388 : KBA-81546-J3Z4G4 : http://sv-vw-ejap:5555/SupportCenter/main.aspx?etc=127&extraqs=%3fetc%3d127%26id%3d%257b5078af34-5a67-ef11-8830-0050569565d2%257d&newWindow=true&pagetype=entityrecord : Success
dynamics.py - INFO - 2025-03-28 01:30:49,755 - ID: 5389 : KBA-05235-J5C8G5 : http://sv-vw-ejap:5555/SupportCenter/main.aspx?etc=127&extraqs=%3fetc%3d127%26id%3d%257bbc08b58b-33bb-ea11-8826-00505695a183%257d&newWindow=true&pagetype=entityrecord : Success
dynamics.py - INFO - 2025-03-28 01:31:05,100 - ID: 5390 : KBA-67577-Z6Y7W8 : http://sv-vw-ejap:5555/SupportCenter/main.aspx?etc=127&extraqs=%3fetc%3d127%26id%3d%257b0d6eec3f-c4cf-ed11-882d-0050569565d2%257d&newWindow=true&pagetype=entityrecord : Success
dynamics.py - INFO - 2025-03-28 01:31:18,954 - ID: 5392 : KBA-17185-Y7F9Q5 : http://sv-vw-ejap:5555/SupportCenter/main.aspx?etc=127&extraqs=%3fetc%3d127%26id%3d%257b332358d2-6dbb-ea11-8826-00505695a183%257d&newWindow=true&pagetype=entityrecord : Success
dynamics.py - INFO - 2025-03-28 01:31:31,410 - ID: 5393 : KBA-09259-B2R8C2 : http://sv-vw-ejap:5555/SupportCenter/main.aspx?etc=127&extraqs=%3fetc%3d127%26id%3d%257bfc8ffeb3-45bb-ea11-8825-0050569565d2%257d&newWindow=true&pagetype=entityrecord : Success
dynamics.py - INFO - 2025-03-28 01:31:45,102 - ID: 5394 : KBA-83982-R2Y2F1 : http://sv-vw-ejap:5555/SupportCenter/main.aspx?etc=127&extraqs=%3fetc%3d127%26id%3d%257b6e48e1c1-a2a1-ef11-8834-0050569565d2%257d&newWindow=true&pagetype=entityrecord : Success
dynamics.py - INFO - 2025-03-28 01:31:59,546 - ID: 5396 : KBA-49371-L5L4D1 : http://sv-vw-ejap:5555/SupportCenter/main.aspx?etc=127&extraqs=%3fetc%3d127%26id%3d%257bc444f343-c166-ec11-882a-00505695a183%257d&newWindow=true&pagetype=entityrecord : Success
dynamics.py - INFO - 2025-03-28 01:32:11,581 - ID: 5397 : KBA-33939-Y8B7Z1 : http://sv-vw-ejap:5555/SupportCenter/main.aspx?etc=127&extraqs=%3fetc%3d127%26id%3d%257b10671fa0-81c3-eb11-8828-00505695a183%257d&newWindow=true&pagetype=entityrecord : Success
dynamics.py - INFO - 2025-03-28 01:32:24,038 - ID: 5398 : KBA-50475-V8D5L1 : http://sv-vw-ejap:5555/SupportCenter/main.aspx?etc=127&extraqs=%3fetc%3d127%26id%3d%257bdfce811d-937c-ec11-882b-0050569565d2%257d&newWindow=true&pagetype=entityrecord : Success
dynamics.py - INFO - 2025-03-28 01:32:37,523 - ID: 5399 : KBA-08378-W4P5Z1 : http://sv-vw-ejap:5555/SupportCenter/main.aspx?etc=127&extraqs=%3fetc%3d127%26id%3d%257b1a89feb3-45bb-ea11-8825-0050569565d2%257d&newWindow=true&pagetype=entityrecord : Success
dynamics.py - INFO - 2025-03-28 01:33:43,039 - ID: 5400 : KBA-28275-X2J2V1 : http://sv-vw-ejap:5555/SupportCenter/main.aspx?etc=127&extraqs=%3fetc%3d127%26id%3d%257b2cb313ea-2b6f-eb11-8826-0050569565d2%257d&newWindow=true&pagetype=entityrecord : Message: element not interactable
  (Session info: chrome=134.0.6998.167)
Stacktrace:
	GetHandleVerifier [0x00007FF6C0584C25+3179557]
	(No symbol) [0x00007FF6C01E88A0]
	(No symbol) [0x00007FF6C0078FFC]
	(No symbol) [0x00007FF6C00C4EB5]
	(No symbol) [0x00007FF6C00F7C2A]
	(No symbol) [0x00007FF6C00C22D6]
	(No symbol) [0x00007FF6C00F7E40]
	(No symbol) [0x00007FF6C01202F3]
	(No symbol) [0x00007FF6C00F7A03]
	(No symbol) [0x00007FF6C00C06D0]
	(No symbol) [0x00007FF6C00C1983]
	GetHandleVerifier [0x00007FF6C05E67CD+3579853]
	GetHandleVerifier [0x00007FF6C05FD1D2+3672530]
	GetHandleVerifier [0x00007FF6C05F2153+3627347]
	GetHandleVerifier [0x00007FF6C035092A+868650]
	(No symbol) [0x00007FF6C01F2FFF]
	(No symbol) [0x00007FF6C01EF4A4]
	(No symbol) [0x00007FF6C01EF646]
	(No symbol) [0x00007FF6C01DEAA9]
	BaseThreadInitThunk [0x00007FFD79147374+20]
	RtlUserThreadStart [0x00007FFD7A29CC91+33]

dynamics.py - INFO - 2025-03-28 01:33:59,497 - ID: 5401 : KBA-79595-D4K6Z6 : http://sv-vw-ejap:5555/SupportCenter/main.aspx?etc=127&extraqs=%3fetc%3d127%26id%3d%257bf4e247d3-7b30-ef11-8830-0050569565d2%257d&newWindow=true&pagetype=entityrecord : Success
dynamics.py - INFO - 2025-03-28 01:34:14,533 - ID: 5402 : KBA-06825-N7Y4L9 : http://sv-vw-ejap:5555/SupportCenter/main.aspx?etc=127&extraqs=%3fetc%3d127%26id%3d%257bb699fa7e-44bb-ea11-8826-00505695a183%257d&newWindow=true&pagetype=entityrecord : Success
dynamics.py - INFO - 2025-03-28 01:34:27,172 - ID: 5405 : KBA-09483-T2D4N1 : http://sv-vw-ejap:5555/SupportCenter/main.aspx?etc=127&extraqs=%3fetc%3d127%26id%3d%257b925599e7-45bb-ea11-8826-00505695a183%257d&newWindow=true&pagetype=entityrecord : Success
dynamics.py - INFO - 2025-03-28 01:34:39,388 - ID: 5463 : KBA-09652-Z5Y2F2 : http://sv-vw-ejap:5555/SupportCenter/main.aspx?etc=127&extraqs=%3fetc%3d127%26id%3d%257be45699e7-45bb-ea11-8826-00505695a183%257d&newWindow=true&pagetype=entityrecord : Success
dynamics.py - INFO - 2025-03-28 01:34:51,582 - ID: 5464 : KBA-07376-H8T2B3 : http://sv-vw-ejap:5555/SupportCenter/main.aspx?etc=127&extraqs=%3fetc%3d127%26id%3d%257b75d75e99-44bb-ea11-8826-00505695a183%257d&newWindow=true&pagetype=entityrecord : Success
dynamics.py - INFO - 2025-03-28 01:35:06,086 - ID: 5465 : KBA-23411-V1N2G2 : http://sv-vw-ejap:5555/SupportCenter/main.aspx?etc=127&extraqs=%3fetc%3d127%26id%3d%257b10f476d1-f302-eb11-8826-00505695a183%257d&newWindow=true&pagetype=entityrecord : Success
dynamics.py - INFO - 2025-03-28 01:35:18,465 - ID: 5466 : KBA-54084-P8S8B2 : http://sv-vw-ejap:5555/SupportCenter/main.aspx?etc=127&extraqs=%3fetc%3d127%26id%3d%257bd588f7a4-09ac-ec11-882c-00505695a183%257d&newWindow=true&pagetype=entityrecord : Success
dynamics.py - INFO - 2025-03-28 01:35:34,683 - ID: 5468 : KBA-39819-Z9V9Q1 : http://sv-vw-ejap:5555/SupportCenter/main.aspx?etc=127&extraqs=%3fetc%3d127%26id%3d%257bfa0ff475-cb03-ec11-8828-00505695a183%257d&newWindow=true&pagetype=entityrecord : Success
dynamics.py - INFO - 2025-03-28 01:35:46,880 - ID: 5472 : KBA-20342-F6F7X6 : http://sv-vw-ejap:5555/SupportCenter/main.aspx?etc=127&extraqs=%3fetc%3d127%26id%3d%257b871238b0-2eec-ea11-8826-00505695a183%257d&newWindow=true&pagetype=entityrecord : Success
dynamics.py - INFO - 2025-03-28 01:35:59,124 - ID: 5473 : KBA-51965-X6T1W4 : http://sv-vw-ejap:5555/SupportCenter/main.aspx?etc=127&extraqs=%3fetc%3d127%26id%3d%257b6febd66e-3096-ec11-882c-00505695a183%257d&newWindow=true&pagetype=entityrecord : Success
dynamics.py - INFO - 2025-03-28 01:36:10,876 - ID: 5474 : KBA-27852-Z3Z4G0 : http://sv-vw-ejap:5555/SupportCenter/main.aspx?etc=127&extraqs=%3fetc%3d127%26id%3d%257b0a45fb6f-2168-eb11-8827-00505695a183%257d&newWindow=true&pagetype=entityrecord : Success
dynamics.py - INFO - 2025-03-28 01:36:24,420 - ID: 5476 : KBA-26622-D6L7R7 : http://sv-vw-ejap:5555/SupportCenter/main.aspx?etc=127&extraqs=%3fetc%3d127%26id%3d%257b91be7ef4-7f49-eb11-8826-00505695a183%257d&newWindow=true&pagetype=entityrecord : Success
dynamics.py - INFO - 2025-03-28 01:36:37,013 - ID: 5477 : KBA-10263-B7Q9C6 : http://sv-vw-ejap:5555/SupportCenter/main.aspx?etc=127&extraqs=%3fetc%3d127%26id%3d%257bef8044ba-46bb-ea11-8825-0050569565d2%257d&newWindow=true&pagetype=entityrecord : Success
dynamics.py - INFO - 2025-03-28 01:36:49,367 - ID: 5485 : KBA-35906-C8J7T7 : http://sv-vw-ejap:5555/SupportCenter/main.aspx?etc=127&extraqs=%3fetc%3d127%26id%3d%257b4f87b190-2fd9-eb11-8828-0050569565d2%257d&newWindow=true&pagetype=entityrecord : Success
dynamics.py - INFO - 2025-03-28 01:37:02,087 - ID: 5486 : KBA-71744-V3K0Y6 : http://sv-vw-ejap:5555/SupportCenter/main.aspx?etc=127&extraqs=%3fetc%3d127%26id%3d%257b1e2270eb-2a4e-ee11-882e-0050569565d2%257d&newWindow=true&pagetype=entityrecord : Success
dynamics.py - INFO - 2025-03-28 01:37:17,308 - ID: 5488 : KBA-81756-K2L8W5 : http://sv-vw-ejap:5555/SupportCenter/main.aspx?etc=127&extraqs=%3fetc%3d127%26id%3d%257b8d4f5189-236b-ef11-8830-0050569565d2%257d&newWindow=true&pagetype=entityrecord : Success
dynamics.py - INFO - 2025-03-28 01:37:31,872 - ID: 5498 : KBA-06696-F5G4K8 : http://sv-vw-ejap:5555/SupportCenter/main.aspx?etc=127&extraqs=%3fetc%3d127%26id%3d%257bb498fa7e-44bb-ea11-8826-00505695a183%257d&newWindow=true&pagetype=entityrecord : Success
dynamics.py - INFO - 2025-03-28 01:37:47,207 - ID: 5500 : KBA-73995-G9L2J9 : http://sv-vw-ejap:5555/SupportCenter/main.aspx?etc=127&extraqs=%3fetc%3d127%26id%3d%257b35f4999f-cb8e-ee11-882e-0050569565d2%257d&newWindow=true&pagetype=entityrecord : Success
dynamics.py - INFO - 2025-03-28 01:38:00,345 - ID: 5501 : KBA-61961-R1N5R4 : http://sv-vw-ejap:5555/SupportCenter/main.aspx?etc=127&extraqs=%3fetc%3d127%26id%3d%257b2b2cb1d0-5953-ed11-882c-0050569565d2%257d&newWindow=true&pagetype=entityrecord : Success
dynamics.py - INFO - 2025-03-28 01:38:13,616 - ID: 5502 : KBA-19385-P1S6K0 : http://sv-vw-ejap:5555/SupportCenter/main.aspx?etc=127&extraqs=%3fetc%3d127%26id%3d%257bfb927d1a-bfe1-ea11-8826-00505695a183%257d&newWindow=true&pagetype=entityrecord : Success
dynamics.py - INFO - 2025-03-28 01:38:26,773 - ID: 5503 : KBA-18066-Y5Z2Z8 : http://sv-vw-ejap:5555/SupportCenter/main.aspx?etc=127&extraqs=%3fetc%3d127%26id%3d%257b537659d8-79c6-ea11-8826-00505695a183%257d&newWindow=true&pagetype=entityrecord : Success
dynamics.py - INFO - 2025-03-28 01:38:39,043 - ID: 5504 : KBA-30342-Z6C1M7 : http://sv-vw-ejap:5555/SupportCenter/main.aspx?etc=127&extraqs=%3fetc%3d127%26id%3d%257ba6cac0ed-8785-eb11-8827-0050569565d2%257d&newWindow=true&pagetype=entityrecord : Success
dynamics.py - INFO - 2025-03-28 01:38:51,838 - ID: 5257 : KBA-22365-S3W1L4 : http://sv-vw-ejap:5555/SupportCenter/main.aspx?etc=127&extraqs=%3fetc%3d127%26id%3d%257b1db204dd-1afe-ea11-8825-0050569565d2%257d&newWindow=true&pagetype=entityrecord : Success
dynamics.py - INFO - 2025-03-28 01:39:04,368 - ID: 5258 : KBA-22394-T7V7P1 : http://sv-vw-ejap:5555/SupportCenter/main.aspx?etc=127&extraqs=%3fetc%3d127%26id%3d%257bdf992641-2dfe-ea11-8825-0050569565d2%257d&newWindow=true&pagetype=entityrecord : Success
dynamics.py - INFO - 2025-03-28 01:39:17,015 - ID: 5259 : KBA-22404-Z4M1B5 : http://sv-vw-ejap:5555/SupportCenter/main.aspx?etc=127&extraqs=%3fetc%3d127%26id%3d%257bf89da800-37fe-ea11-8825-0050569565d2%257d&newWindow=true&pagetype=entityrecord : Success
dynamics.py - INFO - 2025-03-28 01:39:29,332 - ID: 5260 : KBA-22405-Y3P0B5 : http://sv-vw-ejap:5555/SupportCenter/main.aspx?etc=127&extraqs=%3fetc%3d127%26id%3d%257bfd9da800-37fe-ea11-8825-0050569565d2%257d&newWindow=true&pagetype=entityrecord : Success
dynamics.py - INFO - 2025-03-28 01:39:41,218 - ID: 5261 : KBA-22414-Q8Q8V0 : http://sv-vw-ejap:5555/SupportCenter/main.aspx?etc=127&extraqs=%3fetc%3d127%26id%3d%257be46e7e88-3cfe-ea11-8825-0050569565d2%257d&newWindow=true&pagetype=entityrecord : Success
dynamics.py - INFO - 2025-03-28 01:39:53,187 - ID: 5262 : KBA-22415-H2Y4P6 : http://sv-vw-ejap:5555/SupportCenter/main.aspx?etc=127&extraqs=%3fetc%3d127%26id%3d%257be76e7e88-3cfe-ea11-8825-0050569565d2%257d&newWindow=true&pagetype=entityrecord : Success
dynamics.py - INFO - 2025-03-28 01:40:05,682 - ID: 5263 : KBA-22714-Y0F5X8 : http://sv-vw-ejap:5555/SupportCenter/main.aspx?etc=127&extraqs=%3fetc%3d127%26id%3d%257b8a3eb026-b4ff-ea11-8825-0050569565d2%257d&newWindow=true&pagetype=entityrecord : Success
dynamics.py - INFO - 2025-03-28 01:40:18,096 - ID: 5264 : KBA-26781-S3H6N6 : http://sv-vw-ejap:5555/SupportCenter/main.aspx?etc=127&extraqs=%3fetc%3d127%26id%3d%257ba5670e37-f94f-eb11-8826-0050569565d2%257d&newWindow=true&pagetype=entityrecord : Success
dynamics.py - INFO - 2025-03-28 01:40:30,169 - ID: 5265 : KBA-31903-R8C1Y3 : http://sv-vw-ejap:5555/SupportCenter/main.aspx?etc=127&extraqs=%3fetc%3d127%26id%3d%257b3982a298-4c9e-eb11-8827-0050569565d2%257d&newWindow=true&pagetype=entityrecord : Success
dynamics.py - INFO - 2025-03-28 01:40:42,515 - ID: 5266 : KBA-31917-H8F3W0 : http://sv-vw-ejap:5555/SupportCenter/main.aspx?etc=127&extraqs=%3fetc%3d127%26id%3d%257bb722e5f8-4d9e-eb11-8827-0050569565d2%257d&newWindow=true&pagetype=entityrecord : Success
dynamics.py - INFO - 2025-03-28 01:40:55,462 - ID: 5267 : KBA-55631-M5D2M4 : http://sv-vw-ejap:5555/SupportCenter/main.aspx?etc=127&extraqs=%3fetc%3d127%26id%3d%257bd96766c7-c1d5-ec11-882c-0050569565d2%257d&newWindow=true&pagetype=entityrecord : Success
dynamics.py - INFO - 2025-03-28 01:41:07,835 - ID: 5268 : KBA-55630-J0X5P0 : http://sv-vw-ejap:5555/SupportCenter/main.aspx?etc=127&extraqs=%3fetc%3d127%26id%3d%257bbbf1a642-c1d5-ec11-882c-0050569565d2%257d&newWindow=true&pagetype=entityrecord : Success
dynamics.py - INFO - 2025-03-28 01:41:20,496 - ID: 5269 : KBA-55632-V7Q9H9 : http://sv-vw-ejap:5555/SupportCenter/main.aspx?etc=127&extraqs=%3fetc%3d127%26id%3d%257b7e4743ec-c1d5-ec11-882c-0050569565d2%257d&newWindow=true&pagetype=entityrecord : Success
dynamics.py - INFO - 2025-03-28 01:41:32,759 - ID: 5270 : KBA-56243-F3Z1W9 : http://sv-vw-ejap:5555/SupportCenter/main.aspx?etc=127&extraqs=%3fetc%3d127%26id%3d%257bd4b03d32-c4ea-ec11-882c-0050569565d2%257d&newWindow=true&pagetype=entityrecord : Success
dynamics.py - INFO - 2025-03-28 01:41:45,155 - ID: 5271 : KBA-56249-C4H6B4 : http://sv-vw-ejap:5555/SupportCenter/main.aspx?etc=127&extraqs=%3fetc%3d127%26id%3d%257bc11c215c-c5ea-ec11-882c-0050569565d2%257d&newWindow=true&pagetype=entityrecord : Success
dynamics.py - INFO - 2025-03-28 01:41:57,297 - ID: 5272 : KBA-56251-Z9D7S0 : http://sv-vw-ejap:5555/SupportCenter/main.aspx?etc=127&extraqs=%3fetc%3d127%26id%3d%257b3e28dbbf-c5ea-ec11-882c-0050569565d2%257d&newWindow=true&pagetype=entityrecord : Success
dynamics.py - INFO - 2025-03-28 01:42:12,075 - ID: 5273 : KBA-84770-F8H5B0 : http://sv-vw-ejap:5555/SupportCenter/main.aspx?etc=127&extraqs=%3fetc%3d127%26id%3d%257bc697e92e-8bbb-ef11-8834-00505695a183%257d&newWindow=true&pagetype=entityrecord : Success
dynamics.py - INFO - 2025-03-28 01:42:24,122 - ID: 5274 : KBA-28562-H0W4P6 : http://sv-vw-ejap:5555/SupportCenter/main.aspx?etc=127&extraqs=%3fetc%3d127%26id%3d%257b34f6dc17-8971-eb11-8826-0050569565d2%257d&newWindow=true&pagetype=entityrecord : Success
dynamics.py - INFO - 2025-03-28 01:42:37,442 - ID: 5275 : KBA-13980-Z9V4Y7 : http://sv-vw-ejap:5555/SupportCenter/main.aspx?etc=127&extraqs=%3fetc%3d127%26id%3d%257beed1814e-51bb-ea11-8826-00505695a183%257d&newWindow=true&pagetype=entityrecord : Success
dynamics.py - INFO - 2025-03-28 01:42:49,701 - ID: 5276 : KBA-56260-X2C3H1 : http://sv-vw-ejap:5555/SupportCenter/main.aspx?etc=127&extraqs=%3fetc%3d127%26id%3d%257b03ef4c53-cbea-ec11-882c-0050569565d2%257d&newWindow=true&pagetype=entityrecord : Success
dynamics.py - INFO - 2025-03-28 01:43:01,829 - ID: 5277 : KBA-56264-H5K1C4 : http://sv-vw-ejap:5555/SupportCenter/main.aspx?etc=127&extraqs=%3fetc%3d127%26id%3d%257b5d546837-ccea-ec11-882c-0050569565d2%257d&newWindow=true&pagetype=entityrecord : Success
dynamics.py - INFO - 2025-03-28 01:43:14,288 - ID: 5278 : KBA-46852-T4Q4V6 : http://sv-vw-ejap:5555/SupportCenter/main.aspx?etc=127&extraqs=%3fetc%3d127%26id%3d%257be855cfdf-d445-ec11-8829-0050569565d2%257d&newWindow=true&pagetype=entityrecord : Success
dynamics.py - INFO - 2025-03-28 01:43:26,522 - ID: 5279 : KBA-83246-Q4V6G6 : http://sv-vw-ejap:5555/SupportCenter/main.aspx?etc=127&extraqs=%3fetc%3d127%26id%3d%257bec4f50fb-7e88-ef11-8831-0050569565d2%257d&newWindow=true&pagetype=entityrecord : Success
dynamics.py - INFO - 2025-03-28 01:43:38,636 - ID: 5280 : KBA-33535-L6S4J5 : http://sv-vw-ejap:5555/SupportCenter/main.aspx?etc=127&extraqs=%3fetc%3d127%26id%3d%257b18076cfb-69bf-eb11-8828-0050569565d2%257d&newWindow=true&pagetype=entityrecord : Success
dynamics.py - INFO - 2025-03-28 01:43:51,111 - ID: 5281 : KBA-74644-V4D3S4 : http://sv-vw-ejap:5555/SupportCenter/main.aspx?etc=127&extraqs=%3fetc%3d127%26id%3d%257b46a5a43d-fea2-ee11-882e-0050569565d2%257d&newWindow=true&pagetype=entityrecord : Success
dynamics.py - INFO - 2025-03-28 01:44:03,735 - ID: 5282 : KBA-65509-N7G8H1 : http://sv-vw-ejap:5555/SupportCenter/main.aspx?etc=127&extraqs=%3fetc%3d127%26id%3d%257b4b0984dd-f7b6-ed11-882d-00505695a183%257d&newWindow=true&pagetype=entityrecord : Success
dynamics.py - INFO - 2025-03-28 01:44:16,122 - ID: 5283 : KBA-58165-T1B0P2 : http://sv-vw-ejap:5555/SupportCenter/main.aspx?etc=127&extraqs=%3fetc%3d127%26id%3d%257bcaa8dd9b-3819-ed11-882c-0050569565d2%257d&newWindow=true&pagetype=entityrecord : Success
dynamics.py - INFO - 2025-03-28 01:44:28,492 - ID: 5284 : KBA-80986-B0W1T9 : http://sv-vw-ejap:5555/SupportCenter/main.aspx?etc=127&extraqs=%3fetc%3d127%26id%3d%257b6d4710b6-bf54-ef11-8830-0050569565d2%257d&newWindow=true&pagetype=entityrecord : Success
dynamics.py - INFO - 2025-03-28 01:44:41,381 - ID: 5285 : KBA-58593-H7L8X8 : http://sv-vw-ejap:5555/SupportCenter/main.aspx?etc=127&extraqs=%3fetc%3d127%26id%3d%257b28496633-fd21-ed11-882c-0050569565d2%257d&newWindow=true&pagetype=entityrecord : Success
dynamics.py - INFO - 2025-03-28 01:44:54,100 - ID: 5286 : KBA-43949-B5R7H0 : http://sv-vw-ejap:5555/SupportCenter/main.aspx?etc=127&extraqs=%3fetc%3d127%26id%3d%257b0233f3ff-6022-ec11-8828-00505695a183%257d&newWindow=true&pagetype=entityrecord : Success
dynamics.py - INFO - 2025-03-28 01:45:06,396 - ID: 5287 : KBA-56074-F0X1L8 : http://sv-vw-ejap:5555/SupportCenter/main.aspx?etc=127&extraqs=%3fetc%3d127%26id%3d%257ba5c3bcde-37e6-ec11-882c-00505695a183%257d&newWindow=true&pagetype=entityrecord : Success
dynamics.py - INFO - 2025-03-28 01:45:18,683 - ID: 5288 : KBA-60592-N2X9B0 : http://sv-vw-ejap:5555/SupportCenter/main.aspx?etc=127&extraqs=%3fetc%3d127%26id%3d%257b592e02fe-913d-ed11-882c-00505695a183%257d&newWindow=true&pagetype=entityrecord : Success
dynamics.py - INFO - 2025-03-28 01:45:31,131 - ID: 5289 : KBA-32535-F6T2T0 : http://sv-vw-ejap:5555/SupportCenter/main.aspx?etc=127&extraqs=%3fetc%3d127%26id%3d%257beccc0a5e-0ab2-eb11-8827-0050569565d2%257d&newWindow=true&pagetype=entityrecord : Success
dynamics.py - INFO - 2025-03-28 01:45:43,500 - ID: 5290 : KBA-34375-V5W7T5 : http://sv-vw-ejap:5555/SupportCenter/main.aspx?etc=127&extraqs=%3fetc%3d127%26id%3d%257b35b50d8e-ecc8-eb11-8828-0050569565d2%257d&newWindow=true&pagetype=entityrecord : Success
dynamics.py - INFO - 2025-03-28 01:45:56,052 - ID: 5291 : KBA-58179-F3Z6P2 : http://sv-vw-ejap:5555/SupportCenter/main.aspx?etc=127&extraqs=%3fetc%3d127%26id%3d%257b44699dc7-3d19-ed11-882c-0050569565d2%257d&newWindow=true&pagetype=entityrecord : Success
dynamics.py - INFO - 2025-03-28 01:46:08,387 - ID: 5292 : KBA-79007-J5G6C2 : http://sv-vw-ejap:5555/SupportCenter/main.aspx?etc=127&extraqs=%3fetc%3d127%26id%3d%257b5c490bef-e71f-ef11-882f-00505695a183%257d&newWindow=true&pagetype=entityrecord : Success
dynamics.py - INFO - 2025-03-28 01:46:20,943 - ID: 5293 : KBA-79104-F5W8W1 : http://sv-vw-ejap:5555/SupportCenter/main.aspx?etc=127&extraqs=%3fetc%3d127%26id%3d%257bbac3c896-5322-ef11-882f-00505695a183%257d&newWindow=true&pagetype=entityrecord : Success
dynamics.py - INFO - 2025-03-28 01:46:33,189 - ID: 5294 : KBA-79777-Q0S2J8 : http://sv-vw-ejap:5555/SupportCenter/main.aspx?etc=127&extraqs=%3fetc%3d127%26id%3d%257bc15f023c-2f35-ef11-882f-00505695a183%257d&newWindow=true&pagetype=entityrecord : Success
dynamics.py - INFO - 2025-03-28 01:46:45,683 - ID: 5295 : KBA-79778-Q7R4T2 : http://sv-vw-ejap:5555/SupportCenter/main.aspx?etc=127&extraqs=%3fetc%3d127%26id%3d%257b9ec03f17-3035-ef11-882f-00505695a183%257d&newWindow=true&pagetype=entityrecord : Success
dynamics.py - INFO - 2025-03-28 01:46:58,393 - ID: 5296 : KBA-80138-S5Q8Y9 : http://sv-vw-ejap:5555/SupportCenter/main.aspx?etc=127&extraqs=%3fetc%3d127%26id%3d%257b9cc40702-913e-ef11-882f-00505695a183%257d&newWindow=true&pagetype=entityrecord : Success
dynamics.py - INFO - 2025-03-28 01:47:11,021 - ID: 5297 : KBA-20448-C2N7W4 : http://sv-vw-ejap:5555/SupportCenter/main.aspx?etc=127&extraqs=%3fetc%3d127%26id%3d%257b2310c89c-7fed-ea11-8825-0050569565d2%257d&newWindow=true&pagetype=entityrecord : Success
dynamics.py - INFO - 2025-03-28 01:47:23,277 - ID: 5298 : KBA-28710-H6S8V5 : http://sv-vw-ejap:5555/SupportCenter/main.aspx?etc=127&extraqs=%3fetc%3d127%26id%3d%257b41bcfc76-ce72-eb11-8826-0050569565d2%257d&newWindow=true&pagetype=entityrecord : Success
dynamics.py - INFO - 2025-03-28 01:47:35,981 - ID: 5299 : KBA-32535-F6T2T0 : http://sv-vw-ejap:5555/SupportCenter/main.aspx?etc=127&extraqs=%3fetc%3d127%26id%3d%257beccc0a5e-0ab2-eb11-8827-0050569565d2%257d&newWindow=true&pagetype=entityrecord : Success
dynamics.py - INFO - 2025-03-28 01:47:47,853 - ID: 5300 : KBA-33241-B9K8G6 : http://sv-vw-ejap:5555/SupportCenter/main.aspx?etc=127&extraqs=%3fetc%3d127%26id%3d%257bc3c5565a-50bc-eb11-8828-0050569565d2%257d&newWindow=true&pagetype=entityrecord : Success
dynamics.py - INFO - 2025-03-28 01:48:00,294 - ID: 5301 : KBA-46506-Y0C4K0 : http://sv-vw-ejap:5555/SupportCenter/main.aspx?etc=127&extraqs=%3fetc%3d127%26id%3d%257b5db3ed22-f941-ec11-8829-0050569565d2%257d&newWindow=true&pagetype=entityrecord : Success
dynamics.py - INFO - 2025-03-28 01:48:13,019 - ID: 5302 : KBA-82247-C8N1G4 : http://sv-vw-ejap:5555/SupportCenter/main.aspx?etc=127&extraqs=%3fetc%3d127%26id%3d%257beb2e4fd9-e874-ef11-8831-0050569565d2%257d&newWindow=true&pagetype=entityrecord : Success
dynamics.py - INFO - 2025-03-28 01:48:25,099 - ID: 5303 : KBA-70555-L0P5J1 : http://sv-vw-ejap:5555/SupportCenter/main.aspx?etc=127&extraqs=%3fetc%3d127%26id%3d%257b4ba877a4-5230-ee11-882e-00505695a183%257d&newWindow=true&pagetype=entityrecord : Success
dynamics.py - INFO - 2025-03-28 01:48:37,959 - ID: 5304 : KBA-82811-G0X7V4 : http://sv-vw-ejap:5555/SupportCenter/main.aspx?etc=127&extraqs=%3fetc%3d127%26id%3d%257b132e0d74-ae7d-ef11-8830-00505695a183%257d&newWindow=true&pagetype=entityrecord : Success
dynamics.py - INFO - 2025-03-28 01:48:52,438 - ID: 5305 : KBA-81642-S8Y7V8 : http://sv-vw-ejap:5555/SupportCenter/main.aspx?etc=127&extraqs=%3fetc%3d127%26id%3d%257b8cdc6efd-7b6a-ef11-882f-00505695a183%257d&newWindow=true&pagetype=entityrecord : Success
dynamics.py - INFO - 2025-03-28 01:49:04,942 - ID: 5313 : KBA-76755-Z6T2J7 : http://sv-vw-ejap:5555/SupportCenter/main.aspx?etc=127&extraqs=%3fetc%3d127%26id%3d%257b9d4134b6-b7e6-ee11-882f-00505695a183%257d&newWindow=true&pagetype=entityrecord : Success
dynamics.py - INFO - 2025-03-28 01:49:16,972 - ID: 5314 : KBA-36990-C0D2L3 : http://sv-vw-ejap:5555/SupportCenter/main.aspx?etc=127&extraqs=%3fetc%3d127%26id%3d%257b36e84fcc-0de5-eb11-8828-0050569565d2%257d&newWindow=true&pagetype=entityrecord : Success
dynamics.py - INFO - 2025-03-28 01:49:29,099 - ID: 5315 : KBA-21452-S6X0R7 : http://sv-vw-ejap:5555/SupportCenter/main.aspx?etc=127&extraqs=%3fetc%3d127%26id%3d%257baa527393-0bf7-ea11-8826-00505695a183%257d&newWindow=true&pagetype=entityrecord : Success
dynamics.py - INFO - 2025-03-28 01:49:41,900 - ID: 5316 : KBA-35003-K2F4M8 : http://sv-vw-ejap:5555/SupportCenter/main.aspx?etc=127&extraqs=%3fetc%3d127%26id%3d%257baa0a2574-46cf-eb11-8828-0050569565d2%257d&newWindow=true&pagetype=entityrecord : Success
dynamics.py - INFO - 2025-03-28 01:50:01,525 - ID: 5317 : KBA-80967-P6N4J9 : http://sv-vw-ejap:5555/SupportCenter/main.aspx?etc=127&extraqs=%3fetc%3d127%26id%3d%257b92ba9a99-9a54-ef11-882f-00505695a183%257d&newWindow=true&pagetype=entityrecord : Success
dynamics.py - INFO - 2025-03-28 01:50:14,015 - ID: 5318 : KBA-32452-M6G2J7 : http://sv-vw-ejap:5555/SupportCenter/main.aspx?etc=127&extraqs=%3fetc%3d127%26id%3d%257b5da7a3ea-9baf-eb11-8827-0050569565d2%257d&newWindow=true&pagetype=entityrecord : Success
dynamics.py - INFO - 2025-03-28 01:50:26,514 - ID: 5319 : KBA-38791-P1S5P3 : http://sv-vw-ejap:5555/SupportCenter/main.aspx?etc=127&extraqs=%3fetc%3d127%26id%3d%257b2b78cf33-f5f8-eb11-8828-00505695a183%257d&newWindow=true&pagetype=entityrecord : Success
dynamics.py - INFO - 2025-03-28 01:50:39,092 - ID: 5320 : KBA-44842-T7H1B5 : http://sv-vw-ejap:5555/SupportCenter/main.aspx?etc=127&extraqs=%3fetc%3d127%26id%3d%257b8de44a57-8d2c-ec11-8828-0050569565d2%257d&newWindow=true&pagetype=entityrecord : Success
dynamics.py - INFO - 2025-03-28 01:50:54,643 - ID: 5321 : KBA-07263-M5G8S6 : http://sv-vw-ejap:5555/SupportCenter/main.aspx?etc=127&extraqs=%3fetc%3d127%26id%3d%257b229dfa7e-44bb-ea11-8826-00505695a183%257d&newWindow=true&pagetype=entityrecord : Success
dynamics.py - INFO - 2025-03-28 01:51:11,949 - ID: 5322 : KBA-06894-W4Z2T8 : http://sv-vw-ejap:5555/SupportCenter/main.aspx?etc=127&extraqs=%3fetc%3d127%26id%3d%257b409afa7e-44bb-ea11-8826-00505695a183%257d&newWindow=true&pagetype=entityrecord : Success
dynamics.py - INFO - 2025-03-28 01:51:32,444 - ID: 5323 : KBA-80967-P6N4J9 : http://sv-vw-ejap:5555/SupportCenter/main.aspx?etc=127&extraqs=%3fetc%3d127%26id%3d%257b92ba9a99-9a54-ef11-882f-00505695a183%257d&newWindow=true&pagetype=entityrecord : Success
dynamics.py - INFO - 2025-03-28 01:51:51,233 - ID: 5325 : KBA-42542-R3Z3V7 : http://sv-vw-ejap:5555/SupportCenter/main.aspx?etc=127&extraqs=%3fetc%3d127%26id%3d%257b0aee3e42-851b-ec11-8828-00505695a183%257d&newWindow=true&pagetype=entityrecord : Success
dynamics.py - INFO - 2025-03-28 01:52:03,790 - ID: 5327 : KBA-58597-N2G3M4 : http://sv-vw-ejap:5555/SupportCenter/main.aspx?etc=127&extraqs=%3fetc%3d127%26id%3d%257b3319c8ca-fd21-ed11-882c-0050569565d2%257d&newWindow=true&pagetype=entityrecord : Success
dynamics.py - INFO - 2025-03-28 01:52:16,085 - ID: 5328 : KBA-58162-W8W7V9 : http://sv-vw-ejap:5555/SupportCenter/main.aspx?etc=127&extraqs=%3fetc%3d127%26id%3d%257b85a74b3b-3819-ed11-882c-0050569565d2%257d&newWindow=true&pagetype=entityrecord : Success
dynamics.py - INFO - 2025-03-28 01:52:29,192 - ID: 5329 : KBA-04922-L9L0J7 : http://sv-vw-ejap:5555/SupportCenter/main.aspx?etc=127&extraqs=%3fetc%3d127%26id%3d%257b4a06b58b-33bb-ea11-8826-00505695a183%257d&newWindow=true&pagetype=entityrecord : Success
dynamics.py - INFO - 2025-03-28 01:52:41,551 - ID: 5330 : KBA-23474-R2C6H5 : http://sv-vw-ejap:5555/SupportCenter/main.aspx?etc=127&extraqs=%3fetc%3d127%26id%3d%257b09aab390-b103-eb11-8826-00505695a183%257d&newWindow=true&pagetype=entityrecord : Success
dynamics.py - INFO - 2025-03-28 01:52:53,709 - ID: 5331 : KBA-21224-R2T5W5 : http://sv-vw-ejap:5555/SupportCenter/main.aspx?etc=127&extraqs=%3fetc%3d127%26id%3d%257bf2e50327-61f5-ea11-8825-0050569565d2%257d&newWindow=true&pagetype=entityrecord : Success
dynamics.py - INFO - 2025-03-28 01:53:06,232 - ID: 5335 : KBA-21228-M3Q2X8 : http://sv-vw-ejap:5555/SupportCenter/main.aspx?etc=127&extraqs=%3fetc%3d127%26id%3d%257be29e90a2-61f5-ea11-8825-0050569565d2%257d&newWindow=true&pagetype=entityrecord : Success
dynamics.py - INFO - 2025-03-28 01:53:18,973 - ID: 5336 : KBA-26297-G7L8D8 : http://sv-vw-ejap:5555/SupportCenter/main.aspx?etc=127&extraqs=%3fetc%3d127%26id%3d%257b03d1f6a4-fa44-eb11-8826-00505695a183%257d&newWindow=true&pagetype=entityrecord : Success
dynamics.py - INFO - 2025-03-28 01:53:31,670 - ID: 5337 : KBA-35003-K2F4M8 : http://sv-vw-ejap:5555/SupportCenter/main.aspx?etc=127&extraqs=%3fetc%3d127%26id%3d%257baa0a2574-46cf-eb11-8828-0050569565d2%257d&newWindow=true&pagetype=entityrecord : Success
dynamics.py - INFO - 2025-03-28 01:53:44,461 - ID: 5338 : KBA-26752-V5D9F8 : http://sv-vw-ejap:5555/SupportCenter/main.aspx?etc=127&extraqs=%3fetc%3d127%26id%3d%257bf25e2c2f-344f-eb11-8826-0050569565d2%257d&newWindow=true&pagetype=entityrecord : Success
dynamics.py - INFO - 2025-03-28 01:53:56,577 - ID: 5339 : KBA-60162-Z9G5G6 : http://sv-vw-ejap:5555/SupportCenter/main.aspx?etc=127&extraqs=%3fetc%3d127%26id%3d%257b09c1f4e5-b338-ed11-882c-00505695a183%257d&newWindow=true&pagetype=entityrecord : Success
dynamics.py - INFO - 2025-03-28 01:54:08,822 - ID: 5340 : KBA-51088-L1Z2N4 : http://sv-vw-ejap:5555/SupportCenter/main.aspx?etc=127&extraqs=%3fetc%3d127%26id%3d%257b09e46643-fa86-ec11-882b-00505695a183%257d&newWindow=true&pagetype=entityrecord : Success
dynamics.py - INFO - 2025-03-28 01:54:22,968 - ID: 5341 : KBA-49353-P2W9Z3 : http://sv-vw-ejap:5555/SupportCenter/main.aspx?etc=127&extraqs=%3fetc%3d127%26id%3d%257b27d498fe-a866-ec11-882a-00505695a183%257d&newWindow=true&pagetype=entityrecord : Success
dynamics.py - INFO - 2025-03-28 01:54:36,546 - ID: 5342 : KBA-48702-W0J9C2 : http://sv-vw-ejap:5555/SupportCenter/main.aspx?etc=127&extraqs=%3fetc%3d127%26id%3d%257b625eac6f-395d-ec11-882a-00505695a183%257d&newWindow=true&pagetype=entityrecord : Success
dynamics.py - INFO - 2025-03-28 01:54:49,231 - ID: 5350 : KBA-26747-H5Y3G5 : http://sv-vw-ejap:5555/SupportCenter/main.aspx?etc=127&extraqs=%3fetc%3d127%26id%3d%257bb0f39fcf-2a4f-eb11-8826-0050569565d2%257d&newWindow=true&pagetype=entityrecord : Success
dynamics.py - INFO - 2025-03-28 01:55:01,954 - ID: 5351 : KBA-59232-N0K6N0 : http://sv-vw-ejap:5555/SupportCenter/main.aspx?etc=127&extraqs=%3fetc%3d127%26id%3d%257badf9bd2c-512b-ed11-882c-0050569565d2%257d&newWindow=true&pagetype=entityrecord : Success
dynamics.py - INFO - 2025-03-28 01:55:24,791 - ID: 5352 : KBA-48357-D2B2P5 : http://sv-vw-ejap:5555/SupportCenter/main.aspx?etc=127&extraqs=%3fetc%3d127%26id%3d%257b1e577c29-b658-ec11-882a-00505695a183%257d&newWindow=true&pagetype=entityrecord : Success
dynamics.py - INFO - 2025-03-28 01:55:37,370 - ID: 5353 : KBA-26082-L5T2C2 : http://sv-vw-ejap:5555/SupportCenter/main.aspx?etc=127&extraqs=%3fetc%3d127%26id%3d%257bad2b7346-733f-eb11-8826-00505695a183%257d&newWindow=true&pagetype=entityrecord : Success
dynamics.py - INFO - 2025-03-28 01:55:49,675 - ID: 5354 : KBA-50362-P1S5M2 : http://sv-vw-ejap:5555/SupportCenter/main.aspx?etc=127&extraqs=%3fetc%3d127%26id%3d%257bc02654de-ea78-ec11-882b-0050569565d2%257d&newWindow=true&pagetype=entityrecord : Success
dynamics.py - INFO - 2025-03-28 01:56:01,790 - ID: 5355 : KBA-27703-L2C4B6 : http://sv-vw-ejap:5555/SupportCenter/main.aspx?etc=127&extraqs=%3fetc%3d127%26id%3d%257bb3acaf23-b966-eb11-8826-0050569565d2%257d&newWindow=true&pagetype=entityrecord : Success
dynamics.py - INFO - 2025-03-28 01:56:16,180 - ID: 5356 : KBA-45360-X1B3R3 : http://sv-vw-ejap:5555/SupportCenter/main.aspx?etc=127&extraqs=%3fetc%3d127%26id%3d%257bf37cfd05-0933-ec11-8828-00505695a183%257d&newWindow=true&pagetype=entityrecord : Success
dynamics.py - INFO - 2025-03-28 01:56:28,444 - ID: 5357 : KBA-63892-R6L7S5 : http://sv-vw-ejap:5555/SupportCenter/main.aspx?etc=127&extraqs=%3fetc%3d127%26id%3d%257b9d8fea8a-d285-ed11-882c-00505695a183%257d&newWindow=true&pagetype=entityrecord : Success
dynamics.py - INFO - 2025-03-28 01:56:41,092 - ID: 5358 : KBA-07454-R2N8C1 : http://sv-vw-ejap:5555/SupportCenter/main.aspx?etc=127&extraqs=%3fetc%3d127%26id%3d%257b11d85e99-44bb-ea11-8826-00505695a183%257d&newWindow=true&pagetype=entityrecord : Success
dynamics.py - INFO - 2025-03-28 01:56:55,003 - ID: 5359 : KBA-07451-F5B9R5 : http://sv-vw-ejap:5555/SupportCenter/main.aspx?etc=127&extraqs=%3fetc%3d127%26id%3d%257b0bd85e99-44bb-ea11-8826-00505695a183%257d&newWindow=true&pagetype=entityrecord : Success
dynamics.py - INFO - 2025-03-28 01:57:07,348 - ID: 5362 : KBA-07453-F8L6V2 : http://sv-vw-ejap:5555/SupportCenter/main.aspx?etc=127&extraqs=%3fetc%3d127%26id%3d%257b0fd85e99-44bb-ea11-8826-00505695a183%257d&newWindow=true&pagetype=entityrecord : Success
dynamics.py - INFO - 2025-03-28 01:57:20,030 - ID: 5365 : KBA-56244-G3B3V6 : http://sv-vw-ejap:5555/SupportCenter/main.aspx?etc=127&extraqs=%3fetc%3d127%26id%3d%257bf23de15f-c4ea-ec11-882c-0050569565d2%257d&newWindow=true&pagetype=entityrecord : Success
dynamics.py - INFO - 2025-03-28 01:57:32,199 - ID: 5366 : KBA-09880-Z0D4F2 : http://sv-vw-ejap:5555/SupportCenter/main.aspx?etc=127&extraqs=%3fetc%3d127%26id%3d%257bf17d44ba-46bb-ea11-8825-0050569565d2%257d&newWindow=true&pagetype=entityrecord : Success
dynamics.py - INFO - 2025-03-28 01:57:44,594 - ID: 5367 : KBA-50355-K6L7T4 : http://sv-vw-ejap:5555/SupportCenter/main.aspx?etc=127&extraqs=%3fetc%3d127%26id%3d%257bcd3896c2-cc78-ec11-882b-0050569565d2%257d&newWindow=true&pagetype=entityrecord : Success
dynamics.py - INFO - 2025-03-28 01:57:56,973 - ID: 5368 : KBA-21799-N5S0L5 : http://sv-vw-ejap:5555/SupportCenter/main.aspx?etc=127&extraqs=%3fetc%3d127%26id%3d%257b7625642f-c6f8-ea11-8826-00505695a183%257d&newWindow=true&pagetype=entityrecord : Success
dynamics.py - INFO - 2025-03-28 01:58:09,405 - ID: 5369 : KBA-19346-L7G7S4 : http://sv-vw-ejap:5555/SupportCenter/main.aspx?etc=127&extraqs=%3fetc%3d127%26id%3d%257b37f0350e-2de1-ea11-8825-0050569565d2%257d&newWindow=true&pagetype=entityrecord : Success
dynamics.py - INFO - 2025-03-28 01:58:21,670 - ID: 5370 : KBA-10768-T3P2V8 : http://sv-vw-ejap:5555/SupportCenter/main.aspx?etc=127&extraqs=%3fetc%3d127%26id%3d%257be18444ba-46bb-ea11-8825-0050569565d2%257d&newWindow=true&pagetype=entityrecord : Success
dynamics.py - INFO - 2025-03-28 01:58:33,680 - ID: 5371 : KBA-79061-X2C5H0 : http://sv-vw-ejap:5555/SupportCenter/main.aspx?etc=127&extraqs=%3fetc%3d127%26id%3d%257b006468f9-7a21-ef11-882f-00505695a183%257d&newWindow=true&pagetype=entityrecord : Success
dynamics.py - INFO - 2025-03-28 01:58:45,981 - ID: 5372 : KBA-71763-R7L0H0 : http://sv-vw-ejap:5555/SupportCenter/main.aspx?etc=127&extraqs=%3fetc%3d127%26id%3d%257bb210b75f-c04f-ee11-882e-00505695a183%257d&newWindow=true&pagetype=entityrecord : Success
dynamics.py - INFO - 2025-03-28 01:58:58,225 - ID: 5373 : KBA-64275-S1Y8T8 : http://sv-vw-ejap:5555/SupportCenter/main.aspx?etc=127&extraqs=%3fetc%3d127%26id%3d%257be894fe1e-e292-ed11-882d-00505695a183%257d&newWindow=true&pagetype=entityrecord : Success
dynamics.py - INFO - 2025-03-28 01:59:10,480 - ID: 5374 : KBA-58406-C4H3K9 : http://sv-vw-ejap:5555/SupportCenter/main.aspx?etc=127&extraqs=%3fetc%3d127%26id%3d%257b7a7028fc-e21e-ed11-882c-00505695a183%257d&newWindow=true&pagetype=entityrecord : Success
dynamics.py - INFO - 2025-03-28 01:59:22,957 - ID: 5375 : KBA-47742-B0T4H5 : http://sv-vw-ejap:5555/SupportCenter/main.aspx?etc=127&extraqs=%3fetc%3d127%26id%3d%257bd525ef76-7f52-ec11-882a-00505695a183%257d&newWindow=true&pagetype=entityrecord : Success
dynamics.py - INFO - 2025-03-28 01:59:35,385 - ID: 5376 : KBA-44952-J4N3R6 : http://sv-vw-ejap:5555/SupportCenter/main.aspx?etc=127&extraqs=%3fetc%3d127%26id%3d%257b1f2e9b14-792d-ec11-8828-00505695a183%257d&newWindow=true&pagetype=entityrecord : Success
dynamics.py - INFO - 2025-03-28 01:59:49,142 - ID: 5377 : KBA-22026-B5X1G4 : http://sv-vw-ejap:5555/SupportCenter/main.aspx?etc=127&extraqs=%3fetc%3d127%26id%3d%257b0e6d18ae-56fa-ea11-8826-00505695a183%257d&newWindow=true&pagetype=entityrecord : Success
dynamics.py - INFO - 2025-03-28 02:00:01,612 - ID: 5407 : KBA-43406-D8G4R1 : http://sv-vw-ejap:5555/SupportCenter/main.aspx?etc=127&extraqs=%3fetc%3d127%26id%3d%257bb92f45e4-6520-ec11-8828-0050569565d2%257d&newWindow=true&pagetype=entityrecord : Success
dynamics.py - INFO - 2025-03-28 02:00:14,022 - ID: 5408 : KBA-32813-N8X7G9 : http://sv-vw-ejap:5555/SupportCenter/main.aspx?etc=127&extraqs=%3fetc%3d127%26id%3d%257b75b5b164-c1b6-eb11-8827-00505695a183%257d&newWindow=true&pagetype=entityrecord : Success
dynamics.py - INFO - 2025-03-28 02:00:26,215 - ID: 5409 : KBA-74759-K8K6V1 : http://sv-vw-ejap:5555/SupportCenter/main.aspx?etc=127&extraqs=%3fetc%3d127%26id%3d%257bc7954897-41a5-ee11-882e-0050569565d2%257d&newWindow=true&pagetype=entityrecord : Success
dynamics.py - INFO - 2025-03-28 02:00:38,474 - ID: 5410 : KBA-44467-S9Q6V3 : http://sv-vw-ejap:5555/SupportCenter/main.aspx?etc=127&extraqs=%3fetc%3d127%26id%3d%257b1e297b95-0028-ec11-8828-0050569565d2%257d&newWindow=true&pagetype=entityrecord : Success
dynamics.py - INFO - 2025-03-28 02:00:50,684 - ID: 5411 : KBA-46487-S6X1L4 : http://sv-vw-ejap:5555/SupportCenter/main.aspx?etc=127&extraqs=%3fetc%3d127%26id%3d%257b7e94bfab-ef41-ec11-8829-0050569565d2%257d&newWindow=true&pagetype=entityrecord : Success
dynamics.py - INFO - 2025-03-28 02:01:04,117 - ID: 5378 : KBA-04739-T4Y0M1 : http://sv-vw-ejap:5555/SupportCenter/main.aspx?etc=127&extraqs=%3fetc%3d127%26id%3d%257bdc04b58b-33bb-ea11-8826-00505695a183%257d&newWindow=true&pagetype=entityrecord : Success
dynamics.py - INFO - 2025-03-28 02:01:16,376 - ID: 5379 : KBA-53606-M6N5H0 : http://sv-vw-ejap:5555/SupportCenter/main.aspx?etc=127&extraqs=%3fetc%3d127%26id%3d%257b15021e20-f6a5-ec11-882c-0050569565d2%257d&newWindow=true&pagetype=entityrecord : Success
dynamics.py - INFO - 2025-03-28 02:01:29,278 - ID: 5380 : KBA-25821-F9T6T1 : http://sv-vw-ejap:5555/SupportCenter/main.aspx?etc=127&extraqs=%3fetc%3d127%26id%3d%257b9e5f04c2-6238-eb11-8826-00505695a183%257d&newWindow=true&pagetype=entityrecord : Success
dynamics.py - INFO - 2025-03-28 02:01:41,604 - ID: 5381 : KBA-27575-S1F1H2 : http://sv-vw-ejap:5555/SupportCenter/main.aspx?etc=127&extraqs=%3fetc%3d127%26id%3d%257bc0d95f9f-c965-eb11-8827-00505695a183%257d&newWindow=true&pagetype=entityrecord : Success
dynamics.py - INFO - 2025-03-28 02:01:53,895 - ID: 5382 : KBA-28792-B2N7P9 : http://sv-vw-ejap:5555/SupportCenter/main.aspx?etc=127&extraqs=%3fetc%3d127%26id%3d%257b2f32ba6a-5375-eb11-8827-00505695a183%257d&newWindow=true&pagetype=entityrecord : Success
dynamics.py - INFO - 2025-03-28 02:02:06,557 - ID: 5383 : KBA-65586-N5Q6F1 : http://sv-vw-ejap:5555/SupportCenter/main.aspx?etc=127&extraqs=%3fetc%3d127%26id%3d%257b5b69264e-d8b7-ed11-882d-0050569565d2%257d&newWindow=true&pagetype=entityrecord : Success
dynamics.py - INFO - 2025-03-28 02:02:19,021 - ID: 5416 : KBA-09194-V2J1D9 : http://sv-vw-ejap:5555/SupportCenter/main.aspx?etc=127&extraqs=%3fetc%3d127%26id%3d%257b7a8ffeb3-45bb-ea11-8825-0050569565d2%257d&newWindow=true&pagetype=entityrecord : Success
dynamics.py - INFO - 2025-03-28 02:02:31,161 - ID: 5418 : KBA-63844-P1Y0X9 : http://sv-vw-ejap:5555/SupportCenter/main.aspx?etc=127&extraqs=%3fetc%3d127%26id%3d%257b3dacc62f-9c82-ed11-882c-00505695a183%257d&newWindow=true&pagetype=entityrecord : Success
dynamics.py - INFO - 2025-03-28 02:02:43,243 - ID: 5420 : KBA-34563-C2T7R1 : http://sv-vw-ejap:5555/SupportCenter/main.aspx?etc=127&extraqs=%3fetc%3d127%26id%3d%257b95905a09-60ca-eb11-8828-00505695a183%257d&newWindow=true&pagetype=entityrecord : Success
dynamics.py - INFO - 2025-03-28 02:02:55,542 - ID: 5422 : KBA-26818-K1Y1G5 : http://sv-vw-ejap:5555/SupportCenter/main.aspx?etc=127&extraqs=%3fetc%3d127%26id%3d%257b328d3813-df50-eb11-8826-0050569565d2%257d&newWindow=true&pagetype=entityrecord : Success
dynamics.py - INFO - 2025-03-28 02:03:08,086 - ID: 5423 : KBA-61803-C4Q1W2 : http://sv-vw-ejap:5555/SupportCenter/main.aspx?etc=127&extraqs=%3fetc%3d127%26id%3d%257ba98e509b-4e4f-ed11-882c-0050569565d2%257d&newWindow=true&pagetype=entityrecord : Success
dynamics.py - INFO - 2025-03-28 02:03:20,499 - ID: 5425 : KBA-57326-C0F7H7 : http://sv-vw-ejap:5555/SupportCenter/main.aspx?etc=127&extraqs=%3fetc%3d127%26id%3d%257be66c4adc-8902-ed11-882c-00505695a183%257d&newWindow=true&pagetype=entityrecord : Success
dynamics.py - INFO - 2025-03-28 02:03:32,643 - ID: 5427 : KBA-41353-K1S6M4 : http://sv-vw-ejap:5555/SupportCenter/main.aspx?etc=127&extraqs=%3fetc%3d127%26id%3d%257bad785204-8110-ec11-8828-00505695a183%257d&newWindow=true&pagetype=entityrecord : Success
dynamics.py - INFO - 2025-03-28 02:03:46,305 - ID: 5428 : KBA-27321-Y0F3L7 : http://sv-vw-ejap:5555/SupportCenter/main.aspx?etc=127&extraqs=%3fetc%3d127%26id%3d%257b2f2033c6-3d60-eb11-8826-0050569565d2%257d&newWindow=true&pagetype=entityrecord : Success
dynamics.py - INFO - 2025-03-28 02:03:58,378 - ID: 5429 : KBA-72768-L3R6H4 : http://sv-vw-ejap:5555/SupportCenter/main.aspx?etc=127&extraqs=%3fetc%3d127%26id%3d%257b2463f30b-3b63-ee11-882e-0050569565d2%257d&newWindow=true&pagetype=entityrecord : Success
dynamics.py - INFO - 2025-03-28 02:04:10,363 - ID: 5430 : KBA-43521-S3K5D3 : http://sv-vw-ejap:5555/SupportCenter/main.aspx?etc=127&extraqs=%3fetc%3d127%26id%3d%257bc141bc52-d920-ec11-8828-0050569565d2%257d&newWindow=true&pagetype=entityrecord : Success
dynamics.py - INFO - 2025-03-28 02:04:22,401 - ID: 5431 : KBA-41365-Z6N0K3 : http://sv-vw-ejap:5555/SupportCenter/main.aspx?etc=127&extraqs=%3fetc%3d127%26id%3d%257b96b6300c-8410-ec11-8828-0050569565d2%257d&newWindow=true&pagetype=entityrecord : Success
dynamics.py - INFO - 2025-03-28 02:04:35,148 - ID: 5432 : KBA-07523-C1R5Z7 : http://sv-vw-ejap:5555/SupportCenter/main.aspx?etc=127&extraqs=%3fetc%3d127%26id%3d%257b9bd85e99-44bb-ea11-8826-00505695a183%257d&newWindow=true&pagetype=entityrecord : Success
dynamics.py - INFO - 2025-03-28 02:04:47,045 - ID: 5433 : KBA-67013-K6Y3B6 : http://sv-vw-ejap:5555/SupportCenter/main.aspx?etc=127&extraqs=%3fetc%3d127%26id%3d%257b1838a857-e9ca-ed11-882d-0050569565d2%257d&newWindow=true&pagetype=entityrecord : Success
dynamics.py - INFO - 2025-03-28 02:04:59,377 - ID: 5442 : KBA-28893-Q6G7S8 : http://sv-vw-ejap:5555/SupportCenter/main.aspx?etc=127&extraqs=%3fetc%3d127%26id%3d%257b000fbcee-ed76-eb11-8827-00505695a183%257d&newWindow=true&pagetype=entityrecord : Success
dynamics.py - INFO - 2025-03-28 02:05:16,039 - ID: 5443 : KBA-09570-Q3M2S0 : http://sv-vw-ejap:5555/SupportCenter/main.aspx?etc=127&extraqs=%3fetc%3d127%26id%3d%257b405699e7-45bb-ea11-8826-00505695a183%257d&newWindow=true&pagetype=entityrecord : Success
dynamics.py - INFO - 2025-03-28 02:05:28,259 - ID: 5444 : KBA-32071-W1S1Y4 : http://sv-vw-ejap:5555/SupportCenter/main.aspx?etc=127&extraqs=%3fetc%3d127%26id%3d%257b4163da47-29a3-eb11-8827-0050569565d2%257d&newWindow=true&pagetype=entityrecord : Success
dynamics.py - INFO - 2025-03-28 02:05:40,672 - ID: 5445 : KBA-50248-J3Z5K8 : http://sv-vw-ejap:5555/SupportCenter/main.aspx?etc=127&extraqs=%3fetc%3d127%26id%3d%257b707eadde-9c75-ec11-882b-00505695a183%257d&newWindow=true&pagetype=entityrecord : Success
dynamics.py - INFO - 2025-03-28 02:06:03,622 - ID: 5446 : KBA-04818-M7N7N8 : http://sv-vw-ejap:5555/SupportCenter/main.aspx?etc=127&extraqs=%3fetc%3d127%26id%3d%257b7a05b58b-33bb-ea11-8826-00505695a183%257d&newWindow=true&pagetype=entityrecord : Success
dynamics.py - INFO - 2025-03-28 02:06:22,762 - ID: 5447 : KBA-06825-N7Y4L9 : http://sv-vw-ejap:5555/SupportCenter/main.aspx?etc=127&extraqs=%3fetc%3d127%26id%3d%257bb699fa7e-44bb-ea11-8826-00505695a183%257d&newWindow=true&pagetype=entityrecord : Success
dynamics.py - INFO - 2025-03-28 02:06:36,500 - ID: 5448 : KBA-27372-M2P3X1 : http://sv-vw-ejap:5555/SupportCenter/main.aspx?etc=127&extraqs=%3fetc%3d127%26id%3d%257ba85c4bb8-7d61-eb11-8826-0050569565d2%257d&newWindow=true&pagetype=entityrecord : Success
dynamics.py - INFO - 2025-03-28 02:06:48,818 - ID: 5450 : KBA-31363-W4G0S9 : http://sv-vw-ejap:5555/SupportCenter/main.aspx?etc=127&extraqs=%3fetc%3d127%26id%3d%257bcb987c86-d28d-eb11-8827-00505695a183%257d&newWindow=true&pagetype=entityrecord : Success
dynamics.py - INFO - 2025-03-28 02:07:01,247 - ID: 5451 : KBA-31212-X5K7N4 : http://sv-vw-ejap:5555/SupportCenter/main.aspx?etc=127&extraqs=%3fetc%3d127%26id%3d%257bbe4a04ca-308d-eb11-8827-00505695a183%257d&newWindow=true&pagetype=entityrecord : Success
dynamics.py - INFO - 2025-03-28 02:07:13,319 - ID: 5452 : KBA-31205-K0J2B4 : http://sv-vw-ejap:5555/SupportCenter/main.aspx?etc=127&extraqs=%3fetc%3d127%26id%3d%257b12d0deef-2e8d-eb11-8827-00505695a183%257d&newWindow=true&pagetype=entityrecord : Success
dynamics.py - INFO - 2025-03-28 02:07:26,098 - ID: 5453 : KBA-21179-V5C8M7 : http://sv-vw-ejap:5555/SupportCenter/main.aspx?etc=127&extraqs=%3fetc%3d127%26id%3d%257b7d1c728e-99f4-ea11-8826-00505695a183%257d&newWindow=true&pagetype=entityrecord : Success
dynamics.py - INFO - 2025-03-28 02:07:38,326 - ID: 5454 : KBA-21179-V5C8M7 : http://sv-vw-ejap:5555/SupportCenter/main.aspx?etc=127&extraqs=%3fetc%3d127%26id%3d%257b7d1c728e-99f4-ea11-8826-00505695a183%257d&newWindow=true&pagetype=entityrecord : Success
dynamics.py - INFO - 2025-03-28 02:07:51,281 - ID: 5455 : KBA-14593-C5Q5G7 : http://sv-vw-ejap:5555/SupportCenter/main.aspx?etc=127&extraqs=%3fetc%3d127%26id%3d%257bb8d6814e-51bb-ea11-8826-00505695a183%257d&newWindow=true&pagetype=entityrecord : Success
dynamics.py - INFO - 2025-03-28 02:08:04,072 - ID: 5456 : KBA-69978-K1Y0N3 : http://sv-vw-ejap:5555/SupportCenter/main.aspx?etc=127&extraqs=%3fetc%3d127%26id%3d%257b6489fb61-b51e-ee11-882d-0050569565d2%257d&newWindow=true&pagetype=entityrecord : Success
dynamics.py - INFO - 2025-03-28 02:08:16,309 - ID: 5457 : KBA-59229-L6T5S5 : http://sv-vw-ejap:5555/SupportCenter/main.aspx?etc=127&extraqs=%3fetc%3d127%26id%3d%257b101909d9-4c2b-ed11-882c-0050569565d2%257d&newWindow=true&pagetype=entityrecord : Success
dynamics.py - INFO - 2025-03-28 02:08:28,491 - ID: 5458 : KBA-45991-V7X9R6 : http://sv-vw-ejap:5555/SupportCenter/main.aspx?etc=127&extraqs=%3fetc%3d127%26id%3d%257b52b3b6f5-053b-ec11-8829-0050569565d2%257d&newWindow=true&pagetype=entityrecord : Success
dynamics.py - INFO - 2025-03-28 02:08:40,734 - ID: 5459 : KBA-59917-Q4Y7X9 : http://sv-vw-ejap:5555/SupportCenter/main.aspx?etc=127&extraqs=%3fetc%3d127%26id%3d%257ba6b6514c-c133-ed11-882c-0050569565d2%257d&newWindow=true&pagetype=entityrecord : Success
dynamics.py - INFO - 2025-03-28 02:08:53,646 - ID: 5460 : KBA-27271-K1P7S4 : http://sv-vw-ejap:5555/SupportCenter/main.aspx?etc=127&extraqs=%3fetc%3d127%26id%3d%257b751b194d-9f5f-eb11-8826-0050569565d2%257d&newWindow=true&pagetype=entityrecord : Success
dynamics.py - INFO - 2025-03-28 02:09:06,857 - ID: 5479 : KBA-06702-X6C2M8 : http://sv-vw-ejap:5555/SupportCenter/main.aspx?etc=127&extraqs=%3fetc%3d127%26id%3d%257bc098fa7e-44bb-ea11-8826-00505695a183%257d&newWindow=true&pagetype=entityrecord : Success
dynamics.py - INFO - 2025-03-28 02:09:19,523 - ID: 5480 : KBA-25534-V3B3W9 : http://sv-vw-ejap:5555/SupportCenter/main.aspx?etc=127&extraqs=%3fetc%3d127%26id%3d%257bc4725dbc-8430-eb11-8825-0050569565d2%257d&newWindow=true&pagetype=entityrecord : Success
dynamics.py - INFO - 2025-03-28 02:09:31,683 - ID: 5482 : KBA-55263-F3J9W4 : http://sv-vw-ejap:5555/SupportCenter/main.aspx?etc=127&extraqs=%3fetc%3d127%26id%3d%257bc12a423b-6ec4-ec11-882c-00505695a183%257d&newWindow=true&pagetype=entityrecord : Success
dynamics.py - INFO - 2025-03-28 02:09:45,183 - ID: 5484 : KBA-34080-C8D9N4 : http://sv-vw-ejap:5555/SupportCenter/main.aspx?etc=127&extraqs=%3fetc%3d127%26id%3d%257bef17b681-01c5-eb11-8828-00505695a183%257d&newWindow=true&pagetype=entityrecord : Success
dynamics.py - INFO - 2025-03-28 02:09:57,496 - ID: 5434 : KBA-37090-G1G9B6 : http://sv-vw-ejap:5555/SupportCenter/main.aspx?etc=127&extraqs=%3fetc%3d127%26id%3d%257bac332087-d3e5-eb11-8828-0050569565d2%257d&newWindow=true&pagetype=entityrecord : Success
dynamics.py - INFO - 2025-03-28 02:10:10,252 - ID: 5435 : KBA-27969-Y8S4Y1 : http://sv-vw-ejap:5555/SupportCenter/main.aspx?etc=127&extraqs=%3fetc%3d127%26id%3d%257b513e08a0-756a-eb11-8826-0050569565d2%257d&newWindow=true&pagetype=entityrecord : Success
dynamics.py - INFO - 2025-03-28 02:10:22,695 - ID: 5436 : KBA-31303-J5C7K1 : http://sv-vw-ejap:5555/SupportCenter/main.aspx?etc=127&extraqs=%3fetc%3d127%26id%3d%257b4f00cda8-628d-eb11-8827-0050569565d2%257d&newWindow=true&pagetype=entityrecord : Success
dynamics.py - INFO - 2025-03-28 02:10:35,505 - ID: 5437 : KBA-61678-D3L9L8 : http://sv-vw-ejap:5555/SupportCenter/main.aspx?etc=127&extraqs=%3fetc%3d127%26id%3d%257b272c0f1f-7d4b-ed11-882c-0050569565d2%257d&newWindow=true&pagetype=entityrecord : Success
dynamics.py - INFO - 2025-03-28 02:10:47,989 - ID: 5439 : KBA-23847-J6C0M4 : http://sv-vw-ejap:5555/SupportCenter/main.aspx?etc=127&extraqs=%3fetc%3d127%26id%3d%257bb4d59507-2c09-eb11-8826-00505695a183%257d&newWindow=true&pagetype=entityrecord : Success
dynamics.py - INFO - 2025-03-28 02:11:00,120 - ID: 5440 : KBA-33624-R0S6X8 : http://sv-vw-ejap:5555/SupportCenter/main.aspx?etc=127&extraqs=%3fetc%3d127%26id%3d%257b58989e7c-59c0-eb11-8828-00505695a183%257d&newWindow=true&pagetype=entityrecord : Success
dynamics.py - INFO - 2025-03-28 02:11:12,832 - ID: 5491 : KBA-16176-F0X2R6 : http://sv-vw-ejap:5555/SupportCenter/main.aspx?etc=127&extraqs=%3fetc%3d127%26id%3d%257b511b58d2-6dbb-ea11-8826-00505695a183%257d&newWindow=true&pagetype=entityrecord : Success
dynamics.py - INFO - 2025-03-28 02:11:27,392 - ID: 5494 : KBA-05221-M0N4B9 : http://sv-vw-ejap:5555/SupportCenter/main.aspx?etc=127&extraqs=%3fetc%3d127%26id%3d%257ba008b58b-33bb-ea11-8826-00505695a183%257d&newWindow=true&pagetype=entityrecord : Success
dynamics.py - INFO - 2025-03-28 02:11:41,818 - ID: 5495 : KBA-06419-B3W6T5 : http://sv-vw-ejap:5555/SupportCenter/main.aspx?etc=127&extraqs=%3fetc%3d127%26id%3d%257b8a96fa7e-44bb-ea11-8826-00505695a183%257d&newWindow=true&pagetype=entityrecord : Success
dynamics.py - INFO - 2025-03-28 02:11:55,358 - ID: 5496 : KBA-74516-P1T1B7 : http://sv-vw-ejap:5555/SupportCenter/main.aspx?etc=127&extraqs=%3fetc%3d127%26id%3d%257bbdfe8ebe-179e-ee11-882e-00505695a183%257d&newWindow=true&pagetype=entityrecord : Success
dynamics.py - INFO - 2025-03-28 02:12:10,777 - ID: 5497 : KBA-42442-N0X4T2 : http://sv-vw-ejap:5555/SupportCenter/main.aspx?etc=127&extraqs=%3fetc%3d127%26id%3d%257bc544aadd-3a1b-ec11-8828-00505695a183%257d&newWindow=true&pagetype=entityrecord : Success
dynamics.py - INFO - 2025-03-28 02:12:23,223 - ID: 5505 : KBA-31850-Q2B7J0 : http://sv-vw-ejap:5555/SupportCenter/main.aspx?etc=127&extraqs=%3fetc%3d127%26id%3d%257b3023194e-3598-eb11-8827-00505695a183%257d&newWindow=true&pagetype=entityrecord : Success
dynamics.py - INFO - 2025-03-28 02:12:35,785 - ID: 5506 : KBA-27630-S3N2N9 : http://sv-vw-ejap:5555/SupportCenter/main.aspx?etc=127&extraqs=%3fetc%3d127%26id%3d%257b61f45795-fa65-eb11-8827-00505695a183%257d&newWindow=true&pagetype=entityrecord : Success
dynamics.py - INFO - 2025-03-28 02:12:48,656 - ID: 5507 : KBA-62069-Q6H2B2 : http://sv-vw-ejap:5555/SupportCenter/main.aspx?etc=127&extraqs=%3fetc%3d127%26id%3d%257b7277a7ad-8f55-ed11-882c-0050569565d2%257d&newWindow=true&pagetype=entityrecord : Success
dynamics.py - INFO - 2025-03-28 02:13:01,401 - ID: 5508 : KBA-56746-R6C9L0 : http://sv-vw-ejap:5555/SupportCenter/main.aspx?etc=127&extraqs=%3fetc%3d127%26id%3d%257b23b10a1f-fdf5-ec11-882c-00505695a183%257d&newWindow=true&pagetype=entityrecord : Success
dynamics.py - INFO - 2025-03-28 02:13:14,536 - ID: 5509 : KBA-62554-L8T0Q1 : http://sv-vw-ejap:5555/SupportCenter/main.aspx?etc=127&extraqs=%3fetc%3d127%26id%3d%257b6a7e1658-0e63-ed11-882c-0050569565d2%257d&newWindow=true&pagetype=entityrecord : Success
dynamics.py - INFO - 2025-03-28 02:13:26,739 - ID: 5510 : KBA-75536-L4W1Y7 : http://sv-vw-ejap:5555/SupportCenter/main.aspx?etc=127&extraqs=%3fetc%3d127%26id%3d%257bd5bb3439-e2c6-ee11-882f-00505695a183%257d&newWindow=true&pagetype=entityrecord : Success
dynamics.py - INFO - 2025-03-28 02:13:38,831 - ID: 5511 : KBA-38778-V6R1Q7 : http://sv-vw-ejap:5555/SupportCenter/main.aspx?etc=127&extraqs=%3fetc%3d127%26id%3d%257bbbd23de8-7ef7-eb11-8828-0050569565d2%257d&newWindow=true&pagetype=entityrecord : Success
dynamics.py - INFO - 2025-03-28 02:13:51,569 - ID: 5512 : KBA-04464-L1L4Y6 : http://sv-vw-ejap:5555/SupportCenter/main.aspx?etc=127&extraqs=%3fetc%3d127%26id%3d%257bb602b58b-33bb-ea11-8826-00505695a183%257d&newWindow=true&pagetype=entityrecord : Success
dynamics.py - INFO - 2025-03-28 02:14:04,455 - ID: 5513 : KBA-04666-X7Y5Z0 : http://sv-vw-ejap:5555/SupportCenter/main.aspx?etc=127&extraqs=%3fetc%3d127%26id%3d%257b4a04b58b-33bb-ea11-8826-00505695a183%257d&newWindow=true&pagetype=entityrecord : Success
dynamics.py - INFO - 2025-03-28 02:14:17,659 - ID: 5514 : KBA-08534-T9J2Q1 : http://sv-vw-ejap:5555/SupportCenter/main.aspx?etc=127&extraqs=%3fetc%3d127%26id%3d%257b528afeb3-45bb-ea11-8825-0050569565d2%257d&newWindow=true&pagetype=entityrecord : Success
dynamics.py - INFO - 2025-03-28 02:14:33,183 - ID: 5515 : KBA-09154-P1D3P7 : http://sv-vw-ejap:5555/SupportCenter/main.aspx?etc=127&extraqs=%3fetc%3d127%26id%3d%257b2a8ffeb3-45bb-ea11-8825-0050569565d2%257d&newWindow=true&pagetype=entityrecord : Success
dynamics.py - INFO - 2025-03-28 02:14:46,216 - ID: 5516 : KBA-06468-C4R2D8 : http://sv-vw-ejap:5555/SupportCenter/main.aspx?etc=127&extraqs=%3fetc%3d127%26id%3d%257bec96fa7e-44bb-ea11-8826-00505695a183%257d&newWindow=true&pagetype=entityrecord : Success
dynamics.py - INFO - 2025-03-28 02:14:59,920 - ID: 5517 : KBA-09185-N2W3D5 : http://sv-vw-ejap:5555/SupportCenter/main.aspx?etc=127&extraqs=%3fetc%3d127%26id%3d%257b688ffeb3-45bb-ea11-8825-0050569565d2%257d&newWindow=true&pagetype=entityrecord : Success
dynamics.py - INFO - 2025-03-28 02:15:13,921 - ID: 5519 : KBA-83103-M0K1Y8 : http://sv-vw-ejap:5555/SupportCenter/main.aspx?etc=127&extraqs=%3fetc%3d127%26id%3d%257bcf45eb35-4184-ef11-8831-0050569565d2%257d&newWindow=true&pagetype=entityrecord : Success
dynamics.py - INFO - 2025-03-28 02:15:27,469 - ID: 5520 : KBA-83191-B7D7Q0 : http://sv-vw-ejap:5555/SupportCenter/main.aspx?etc=127&extraqs=%3fetc%3d127%26id%3d%257bbbc8b737-ca86-ef11-8831-0050569565d2%257d&newWindow=true&pagetype=entityrecord : Success
dynamics.py - INFO - 2025-03-28 02:15:39,892 - ID: 5521 : KBA-75052-S6K0J9 : http://sv-vw-ejap:5555/SupportCenter/main.aspx?etc=127&extraqs=%3fetc%3d127%26id%3d%257ba0aa954a-47b4-ee11-8830-0050569565d2%257d&newWindow=true&pagetype=entityrecord : Success
dynamics.py - INFO - 2025-03-28 02:15:52,459 - ID: 5522 : KBA-47268-G8Y6B6 : http://sv-vw-ejap:5555/SupportCenter/main.aspx?etc=127&extraqs=%3fetc%3d127%26id%3d%257b44cd9d62-f74c-ec11-882a-00505695a183%257d&newWindow=true&pagetype=entityrecord : Success
dynamics.py - INFO - 2025-03-28 02:16:04,843 - ID: 5523 : KBA-57993-L0W0M0 : http://sv-vw-ejap:5555/SupportCenter/main.aspx?etc=127&extraqs=%3fetc%3d127%26id%3d%257b8f1b8ae3-e516-ed11-882c-00505695a183%257d&newWindow=true&pagetype=entityrecord : Success
dynamics.py - INFO - 2025-03-28 02:16:17,076 - ID: 5524 : KBA-09964-K2W8F0 : http://sv-vw-ejap:5555/SupportCenter/main.aspx?etc=127&extraqs=%3fetc%3d127%26id%3d%257b997e44ba-46bb-ea11-8825-0050569565d2%257d&newWindow=true&pagetype=entityrecord : Success
dynamics.py - INFO - 2025-03-28 02:16:29,549 - ID: 5525 : KBA-24921-Q4B7W9 : http://sv-vw-ejap:5555/SupportCenter/main.aspx?etc=127&extraqs=%3fetc%3d127%26id%3d%257b5ca92a4b-ca1f-eb11-8826-00505695a183%257d&newWindow=true&pagetype=entityrecord : Success
dynamics.py - INFO - 2025-03-28 02:16:41,712 - ID: 5568 : KBA-62682-D3Z4L2 : http://sv-vw-ejap:5555/SupportCenter/main.aspx?etc=127&extraqs=%3fetc%3d127%26id%3d%257bbf470582-7865-ed11-882c-00505695a183%257d&newWindow=true&pagetype=entityrecord : Success
dynamics.py - INFO - 2025-03-28 02:16:57,031 - ID: 5569 : KBA-64274-B6T4Y4 : http://sv-vw-ejap:5555/SupportCenter/main.aspx?etc=127&extraqs=%3fetc%3d127%26id%3d%257b817e21d0-e192-ed11-882d-0050569565d2%257d&newWindow=true&pagetype=entityrecord : Success
dynamics.py - INFO - 2025-03-28 02:17:12,525 - ID: 5570 : KBA-64454-Y7Q7P1 : http://sv-vw-ejap:5555/SupportCenter/main.aspx?etc=127&extraqs=%3fetc%3d127%26id%3d%257b5076aee9-5099-ed11-882d-0050569565d2%257d&newWindow=true&pagetype=entityrecord : Success
dynamics.py - INFO - 2025-03-28 02:17:25,260 - ID: 5571 : KBA-65058-X8Q3V8 : http://sv-vw-ejap:5555/SupportCenter/main.aspx?etc=127&extraqs=%3fetc%3d127%26id%3d%257b1bf2016e-23ac-ed11-882d-0050569565d2%257d&newWindow=true&pagetype=entityrecord : Success
dynamics.py - INFO - 2025-03-28 02:17:39,540 - ID: 5572 : KBA-65909-M4G4L8 : http://sv-vw-ejap:5555/SupportCenter/main.aspx?etc=127&extraqs=%3fetc%3d127%26id%3d%257b2ade6b0a-8abc-ed11-882d-00505695a183%257d&newWindow=true&pagetype=entityrecord : Success
dynamics.py - INFO - 2025-03-28 02:17:53,096 - ID: 5573 : KBA-67158-B1D3C9 : http://sv-vw-ejap:5555/SupportCenter/main.aspx?etc=127&extraqs=%3fetc%3d127%26id%3d%257bbcc581f1-1acd-ed11-882d-0050569565d2%257d&newWindow=true&pagetype=entityrecord : Success
dynamics.py - INFO - 2025-03-28 02:18:05,533 - ID: 5574 : KBA-67373-L8K1R2 : http://sv-vw-ejap:5555/SupportCenter/main.aspx?etc=127&extraqs=%3fetc%3d127%26id%3d%257b24e86edb-1dce-ed11-882d-00505695a183%257d&newWindow=true&pagetype=entityrecord : Success
dynamics.py - INFO - 2025-03-28 02:18:18,240 - ID: 5643 : KBA-66595-H2R2R0 : http://sv-vw-ejap:5555/SupportCenter/main.aspx?etc=127&extraqs=%3fetc%3d127%26id%3d%257b20fc7d81-67c4-ed11-882d-0050569565d2%257d&newWindow=true&pagetype=entityrecord : Success
dynamics.py - INFO - 2025-03-28 02:18:30,825 - ID: 5644 : KBA-20491-G5L8H4 : http://sv-vw-ejap:5555/SupportCenter/main.aspx?etc=127&extraqs=%3fetc%3d127%26id%3d%257b208f24f1-bced-ea11-8825-0050569565d2%257d&newWindow=true&pagetype=entityrecord : Success
dynamics.py - INFO - 2025-03-28 02:18:43,428 - ID: 5645 : KBA-66570-H8W5J9 : http://sv-vw-ejap:5555/SupportCenter/main.aspx?etc=127&extraqs=%3fetc%3d127%26id%3d%257b704c0de1-d7c3-ed11-882d-0050569565d2%257d&newWindow=true&pagetype=entityrecord : Success
dynamics.py - INFO - 2025-03-28 02:18:55,581 - ID: 5646 : KBA-66568-M4B3Q7 : http://sv-vw-ejap:5555/SupportCenter/main.aspx?etc=127&extraqs=%3fetc%3d127%26id%3d%257b38fa61b8-d5c3-ed11-882d-0050569565d2%257d&newWindow=true&pagetype=entityrecord : Success
dynamics.py - INFO - 2025-03-28 02:19:08,258 - ID: 5648 : KBA-66514-N4J2K5 : http://sv-vw-ejap:5555/SupportCenter/main.aspx?etc=127&extraqs=%3fetc%3d127%26id%3d%257b09058771-19c3-ed11-882d-0050569565d2%257d&newWindow=true&pagetype=entityrecord : Success
dynamics.py - INFO - 2025-03-28 02:19:21,060 - ID: 5671 : KBA-43901-J3Q8N4 : http://sv-vw-ejap:5555/SupportCenter/main.aspx?etc=127&extraqs=%3fetc%3d127%26id%3d%257b84ba4ba5-d021-ec11-8828-0050569565d2%257d&newWindow=true&pagetype=entityrecord : Success
dynamics.py - INFO - 2025-03-28 02:19:33,380 - ID: 5680 : KBA-09348-Z7S2F2 : http://sv-vw-ejap:5555/SupportCenter/main.aspx?etc=127&extraqs=%3fetc%3d127%26id%3d%257b845499e7-45bb-ea11-8826-00505695a183%257d&newWindow=true&pagetype=entityrecord : Success
dynamics.py - INFO - 2025-03-28 02:19:48,814 - ID: 5691 : KBA-05034-W5T0P0 : http://sv-vw-ejap:5555/SupportCenter/main.aspx?etc=127&extraqs=%3fetc%3d127%26id%3d%257b2a07b58b-33bb-ea11-8826-00505695a183%257d&newWindow=true&pagetype=entityrecord : Success
dynamics.py - INFO - 2025-03-28 02:20:01,147 - ID: 5692 : KBA-34649-T8V4X8 : http://sv-vw-ejap:5555/SupportCenter/main.aspx?etc=127&extraqs=%3fetc%3d127%26id%3d%257b90d16d97-40cb-eb11-8828-0050569565d2%257d&newWindow=true&pagetype=entityrecord : Success
dynamics.py - INFO - 2025-03-28 02:20:13,747 - ID: 5693 : KBA-34645-M8D3W5 : http://sv-vw-ejap:5555/SupportCenter/main.aspx?etc=127&extraqs=%3fetc%3d127%26id%3d%257b38dd400c-3ecb-eb11-8828-00505695a183%257d&newWindow=true&pagetype=entityrecord : Success
dynamics.py - INFO - 2025-03-28 02:20:26,838 - ID: 5694 : KBA-81657-Z6W4B5 : http://sv-vw-ejap:5555/SupportCenter/main.aspx?etc=127&extraqs=%3fetc%3d127%26id%3d%257becece6a6-8d6a-ef11-8830-0050569565d2%257d&newWindow=true&pagetype=entityrecord : Success
dynamics.py - INFO - 2025-03-28 02:20:39,889 - ID: 5696 : KBA-80197-F8Z8Z9 : http://sv-vw-ejap:5555/SupportCenter/main.aspx?etc=127&extraqs=%3fetc%3d127%26id%3d%257b2359a079-ed3f-ef11-882f-00505695a183%257d&newWindow=true&pagetype=entityrecord : Success
dynamics.py - INFO - 2025-03-28 02:20:52,481 - ID: 5526 : KBA-25887-S9Q7Y4 : http://sv-vw-ejap:5555/SupportCenter/main.aspx?etc=127&extraqs=%3fetc%3d127%26id%3d%257bfc0d6791-fc39-eb11-8826-00505695a183%257d&newWindow=true&pagetype=entityrecord : Success
dynamics.py - INFO - 2025-03-28 02:21:05,617 - ID: 5527 : KBA-41355-J8R3L9 : http://sv-vw-ejap:5555/SupportCenter/main.aspx?etc=127&extraqs=%3fetc%3d127%26id%3d%257b3a8e4598-8110-ec11-8828-00505695a183%257d&newWindow=true&pagetype=entityrecord : Success
dynamics.py - INFO - 2025-03-28 02:21:18,242 - ID: 5528 : KBA-21242-F5C2T9 : http://sv-vw-ejap:5555/SupportCenter/main.aspx?etc=127&extraqs=%3fetc%3d127%26id%3d%257b72e89d43-76f5-ea11-8826-00505695a183%257d&newWindow=true&pagetype=entityrecord : Success
dynamics.py - INFO - 2025-03-28 02:21:30,965 - ID: 5530 : KBA-09341-X6S6M2 : http://sv-vw-ejap:5555/SupportCenter/main.aspx?etc=127&extraqs=%3fetc%3d127%26id%3d%257ba090feb3-45bb-ea11-8825-0050569565d2%257d&newWindow=true&pagetype=entityrecord : Success
dynamics.py - INFO - 2025-03-28 02:21:45,148 - ID: 5531 : KBA-08963-G8T5V5 : http://sv-vw-ejap:5555/SupportCenter/main.aspx?etc=127&extraqs=%3fetc%3d127%26id%3d%257bac8dfeb3-45bb-ea11-8825-0050569565d2%257d&newWindow=true&pagetype=entityrecord : Success
dynamics.py - INFO - 2025-03-28 02:21:58,382 - ID: 5532 : KBA-61901-L0P2D4 : http://sv-vw-ejap:5555/SupportCenter/main.aspx?etc=127&extraqs=%3fetc%3d127%26id%3d%257bbf2fd5fc-f750-ed11-882c-00505695a183%257d&newWindow=true&pagetype=entityrecord : Success
dynamics.py - INFO - 2025-03-28 02:22:11,365 - ID: 5533 : KBA-04627-F4F1S9 : http://sv-vw-ejap:5555/SupportCenter/main.aspx?etc=127&extraqs=%3fetc%3d127%26id%3d%257bfc03b58b-33bb-ea11-8826-00505695a183%257d&newWindow=true&pagetype=entityrecord : Success
dynamics.py - INFO - 2025-03-28 02:22:24,023 - ID: 5535 : KBA-40376-Z3Q5C2 : http://sv-vw-ejap:5555/SupportCenter/main.aspx?etc=127&extraqs=%3fetc%3d127%26id%3d%257b5210e3e1-c007-ec11-8828-0050569565d2%257d&newWindow=true&pagetype=entityrecord : Success
dynamics.py - INFO - 2025-03-28 02:22:36,541 - ID: 5536 : KBA-40375-R8P2B1 : http://sv-vw-ejap:5555/SupportCenter/main.aspx?etc=127&extraqs=%3fetc%3d127%26id%3d%257b215df252-bf07-ec11-8828-0050569565d2%257d&newWindow=true&pagetype=entityrecord : Success
dynamics.py - INFO - 2025-03-28 02:22:49,038 - ID: 5537 : KBA-46081-G9H0T8 : http://sv-vw-ejap:5555/SupportCenter/main.aspx?etc=127&extraqs=%3fetc%3d127%26id%3d%257b862e728a-2d3d-ec11-8829-0050569565d2%257d&newWindow=true&pagetype=entityrecord : Success
dynamics.py - INFO - 2025-03-28 02:23:01,195 - ID: 5538 : KBA-53803-T4J0Q5 : http://sv-vw-ejap:5555/SupportCenter/main.aspx?etc=127&extraqs=%3fetc%3d127%26id%3d%257b8dc1144a-17a8-ec11-882c-0050569565d2%257d&newWindow=true&pagetype=entityrecord : Success
dynamics.py - INFO - 2025-03-28 02:23:14,294 - ID: 5539 : KBA-61716-V4W7X7 : http://sv-vw-ejap:5555/SupportCenter/main.aspx?etc=127&extraqs=%3fetc%3d127%26id%3d%257b3e59ebe4-db4d-ed11-882c-0050569565d2%257d&newWindow=true&pagetype=entityrecord : Success
dynamics.py - INFO - 2025-03-28 02:23:29,590 - ID: 5542 : KBA-61670-G4B9M8 : http://sv-vw-ejap:5555/SupportCenter/main.aspx?etc=127&extraqs=%3fetc%3d127%26id%3d%257b2b12e3d2-604b-ed11-882c-0050569565d2%257d&newWindow=true&pagetype=entityrecord : Success
dynamics.py - INFO - 2025-03-28 02:23:43,279 - ID: 5543 : KBA-43412-P8N8M5 : http://sv-vw-ejap:5555/SupportCenter/main.aspx?etc=127&extraqs=%3fetc%3d127%26id%3d%257b9660b36a-8420-ec11-8828-0050569565d2%257d&newWindow=true&pagetype=entityrecord : Success
dynamics.py - INFO - 2025-03-28 02:24:04,889 - ID: 5544 : KBA-42446-G3J7F3 : http://sv-vw-ejap:5555/SupportCenter/main.aspx?etc=127&extraqs=%3fetc%3d127%26id%3d%257b15524e4a-3c1b-ec11-8828-00505695a183%257d&newWindow=true&pagetype=entityrecord : Success
dynamics.py - INFO - 2025-03-28 02:24:18,191 - ID: 5545 : KBA-04715-Z6S5X6 : http://sv-vw-ejap:5555/SupportCenter/main.aspx?etc=127&extraqs=%3fetc%3d127%26id%3d%257bac04b58b-33bb-ea11-8826-00505695a183%257d&newWindow=true&pagetype=entityrecord : Success
dynamics.py - INFO - 2025-03-28 02:24:30,638 - ID: 5546 : KBA-23614-C9F5G7 : http://sv-vw-ejap:5555/SupportCenter/main.aspx?etc=127&extraqs=%3fetc%3d127%26id%3d%257b3040f41e-aa06-eb11-8826-00505695a183%257d&newWindow=true&pagetype=entityrecord : Success
dynamics.py - INFO - 2025-03-28 02:24:43,068 - ID: 5547 : KBA-81024-F9W7D8 : http://sv-vw-ejap:5555/SupportCenter/main.aspx?etc=127&extraqs=%3fetc%3d127%26id%3d%257b9d89ef17-0856-ef11-8830-0050569565d2%257d&newWindow=true&pagetype=entityrecord : Success
dynamics.py - INFO - 2025-03-28 02:24:55,556 - ID: 5549 : KBA-80927-Z8J0X9 : http://sv-vw-ejap:5555/SupportCenter/main.aspx?etc=127&extraqs=%3fetc%3d127%26id%3d%257b7167cd80-ce53-ef11-882f-00505695a183%257d&newWindow=true&pagetype=entityrecord : Success
dynamics.py - INFO - 2025-03-28 02:25:08,366 - ID: 5550 : KBA-40095-M3C2P4 : http://sv-vw-ejap:5555/SupportCenter/main.aspx?etc=127&extraqs=%3fetc%3d127%26id%3d%257b7f5102ba-4705-ec11-8828-0050569565d2%257d&newWindow=true&pagetype=entityrecord : Success
dynamics.py - INFO - 2025-03-28 02:25:21,560 - ID: 5552 : KBA-14327-Z8Z6Z2 : http://sv-vw-ejap:5555/SupportCenter/main.aspx?etc=127&extraqs=%3fetc%3d127%26id%3d%257ba4d4814e-51bb-ea11-8826-00505695a183%257d&newWindow=true&pagetype=entityrecord : Success
dynamics.py - INFO - 2025-03-28 02:25:35,160 - ID: 5556 : KBA-63307-K3X9P9 : http://sv-vw-ejap:5555/SupportCenter/main.aspx?etc=127&extraqs=%3fetc%3d127%26id%3d%257b38035c40-3f74-ed11-882c-00505695a183%257d&newWindow=true&pagetype=entityrecord : Success
dynamics.py - INFO - 2025-03-28 02:25:48,009 - ID: 5557 : KBA-84547-M3M9S7 : http://sv-vw-ejap:5555/SupportCenter/main.aspx?etc=127&extraqs=%3fetc%3d127%26id%3d%257bfabf2f33-b6b2-ef11-8834-00505695a183%257d&newWindow=true&pagetype=entityrecord : Success
dynamics.py - INFO - 2025-03-28 02:26:01,486 - ID: 5558 : KBA-19701-R1J3S9 : http://sv-vw-ejap:5555/SupportCenter/main.aspx?etc=127&extraqs=%3fetc%3d127%26id%3d%257b07eb5d7c-e0e5-ea11-8826-00505695a183%257d&newWindow=true&pagetype=entityrecord : Success
dynamics.py - INFO - 2025-03-28 02:26:13,757 - ID: 5561 : KBA-68973-P3K7T5 : http://sv-vw-ejap:5555/SupportCenter/main.aspx?etc=127&extraqs=%3fetc%3d127%26id%3d%257bc08fe44d-e000-ee11-882d-0050569565d2%257d&newWindow=true&pagetype=entityrecord : Success
dynamics.py - INFO - 2025-03-28 02:26:25,917 - ID: 5563 : KBA-26818-K1Y1G5 : http://sv-vw-ejap:5555/SupportCenter/main.aspx?etc=127&extraqs=%3fetc%3d127%26id%3d%257b328d3813-df50-eb11-8826-0050569565d2%257d&newWindow=true&pagetype=entityrecord : Success
dynamics.py - INFO - 2025-03-28 02:26:39,827 - ID: 5564 : KBA-61774-L8D1H9 : http://sv-vw-ejap:5555/SupportCenter/main.aspx?etc=127&extraqs=%3fetc%3d127%26id%3d%257b353b713b-d54e-ed11-882c-00505695a183%257d&newWindow=true&pagetype=entityrecord : Success
dynamics.py - INFO - 2025-03-28 02:26:53,645 - ID: 5565 : KBA-62150-R7M7G6 : http://sv-vw-ejap:5555/SupportCenter/main.aspx?etc=127&extraqs=%3fetc%3d127%26id%3d%257bce4e6ee2-b658-ed11-882c-0050569565d2%257d&newWindow=true&pagetype=entityrecord : Success
dynamics.py - INFO - 2025-03-28 02:27:05,994 - ID: 5566 : KBA-62620-G2G7S3 : http://sv-vw-ejap:5555/SupportCenter/main.aspx?etc=127&extraqs=%3fetc%3d127%26id%3d%257bd5acf488-bf64-ed11-882c-00505695a183%257d&newWindow=true&pagetype=entityrecord : Success
dynamics.py - INFO - 2025-03-28 02:27:18,373 - ID: 5575 : KBA-71998-M1Q5N3 : http://sv-vw-ejap:5555/SupportCenter/main.aspx?etc=127&extraqs=%3fetc%3d127%26id%3d%257bea079738-9b54-ee11-882e-00505695a183%257d&newWindow=true&pagetype=entityrecord : Success
dynamics.py - INFO - 2025-03-28 02:27:30,981 - ID: 5578 : KBA-84705-B3Z2W2 : http://sv-vw-ejap:5555/SupportCenter/main.aspx?etc=127&extraqs=%3fetc%3d127%26id%3d%257ba383f4ff-6fb8-ef11-8834-0050569565d2%257d&newWindow=true&pagetype=entityrecord : Success
dynamics.py - INFO - 2025-03-28 02:27:52,186 - ID: 5579 : KBA-42561-H2Z5J3 : http://sv-vw-ejap:5555/SupportCenter/main.aspx?etc=127&extraqs=%3fetc%3d127%26id%3d%257b9a8e0b65-8a1b-ec11-8828-00505695a183%257d&newWindow=true&pagetype=entityrecord : Success
dynamics.py - INFO - 2025-03-28 02:28:06,577 - ID: 5580 : KBA-18801-P5C8L9 : http://sv-vw-ejap:5555/SupportCenter/main.aspx?etc=127&extraqs=%3fetc%3d127%26id%3d%257b1ca8b720-d4da-ea11-8826-00505695a183%257d&newWindow=true&pagetype=entityrecord : Success
dynamics.py - INFO - 2025-03-28 02:28:19,752 - ID: 5581 : KBA-83873-Q0S3T2 : http://sv-vw-ejap:5555/SupportCenter/main.aspx?etc=127&extraqs=%3fetc%3d127%26id%3d%257b2296f86d-ab9d-ef11-8834-0050569565d2%257d&newWindow=true&pagetype=entityrecord : Success
dynamics.py - INFO - 2025-03-28 02:28:32,368 - ID: 5582 : KBA-53107-Q6L1B1 : http://sv-vw-ejap:5555/SupportCenter/main.aspx?etc=127&extraqs=%3fetc%3d127%26id%3d%257b9750a516-59a0-ec11-882c-00505695a183%257d&newWindow=true&pagetype=entityrecord : Success
dynamics.py - INFO - 2025-03-28 02:28:44,750 - ID: 5583 : KBA-27071-K4N9N2 : http://sv-vw-ejap:5555/SupportCenter/main.aspx?etc=127&extraqs=%3fetc%3d127%26id%3d%257bb179bc92-cd5b-eb11-8827-00505695a183%257d&newWindow=true&pagetype=entityrecord : Success
dynamics.py - INFO - 2025-03-28 02:28:57,076 - ID: 5584 : KBA-80001-F0S2W6 : http://sv-vw-ejap:5555/SupportCenter/main.aspx?etc=127&extraqs=%3fetc%3d127%26id%3d%257b297ba682-703c-ef11-882f-00505695a183%257d&newWindow=true&pagetype=entityrecord : Success
dynamics.py - INFO - 2025-03-28 02:29:09,453 - ID: 5585 : KBA-82869-W8K2M5 : http://sv-vw-ejap:5555/SupportCenter/main.aspx?etc=127&extraqs=%3fetc%3d127%26id%3d%257b0a0411f2-727e-ef11-8830-00505695a183%257d&newWindow=true&pagetype=entityrecord : Success
dynamics.py - INFO - 2025-03-28 02:29:21,927 - ID: 5586 : KBA-05583-Q1K5F6 : http://sv-vw-ejap:5555/SupportCenter/main.aspx?etc=127&extraqs=%3fetc%3d127%26id%3d%257b71955ce8-34bb-ea11-8826-00505695a183%257d&newWindow=true&pagetype=entityrecord : Success
dynamics.py - INFO - 2025-03-28 02:29:34,561 - ID: 5587 : KBA-05763-B9T2F3 : http://sv-vw-ejap:5555/SupportCenter/main.aspx?etc=127&extraqs=%3fetc%3d127%26id%3d%257bd9965ce8-34bb-ea11-8826-00505695a183%257d&newWindow=true&pagetype=entityrecord : Success
dynamics.py - INFO - 2025-03-28 02:29:49,134 - ID: 5704 : KBA-81642-S8Y7V8 : http://sv-vw-ejap:5555/SupportCenter/main.aspx?etc=127&extraqs=%3fetc%3d127%26id%3d%257b8cdc6efd-7b6a-ef11-882f-00505695a183%257d&newWindow=true&pagetype=entityrecord : Success
dynamics.py - INFO - 2025-03-28 02:30:01,399 - ID: 5705 : KBA-81558-P3D4Y0 : http://sv-vw-ejap:5555/SupportCenter/main.aspx?etc=127&extraqs=%3fetc%3d127%26id%3d%257b96091ec1-3d68-ef11-882f-00505695a183%257d&newWindow=true&pagetype=entityrecord : Success
dynamics.py - INFO - 2025-03-28 02:30:13,247 - ID: 5706 : KBA-31903-R8C1Y3 : http://sv-vw-ejap:5555/SupportCenter/main.aspx?etc=127&extraqs=%3fetc%3d127%26id%3d%257b3982a298-4c9e-eb11-8827-0050569565d2%257d&newWindow=true&pagetype=entityrecord : Success
dynamics.py - INFO - 2025-03-28 02:30:25,539 - ID: 5707 : KBA-31905-K2B1M3 : http://sv-vw-ejap:5555/SupportCenter/main.aspx?etc=127&extraqs=%3fetc%3d127%26id%3d%257bb9e9bfd0-4c9e-eb11-8827-0050569565d2%257d&newWindow=true&pagetype=entityrecord : Success
dynamics.py - INFO - 2025-03-28 02:30:38,444 - ID: 5708 : KBA-31907-M5V7Q1 : http://sv-vw-ejap:5555/SupportCenter/main.aspx?etc=127&extraqs=%3fetc%3d127%26id%3d%257bad950d04-4d9e-eb11-8827-0050569565d2%257d&newWindow=true&pagetype=entityrecord : Success
dynamics.py - INFO - 2025-03-28 02:30:51,034 - ID: 5709 : KBA-31914-R7Z0Q2 : http://sv-vw-ejap:5555/SupportCenter/main.aspx?etc=127&extraqs=%3fetc%3d127%26id%3d%257bd6f521a9-4d9e-eb11-8827-0050569565d2%257d&newWindow=true&pagetype=entityrecord : Success
dynamics.py - INFO - 2025-03-28 02:31:03,089 - ID: 5710 : KBA-31915-C0B9H0 : http://sv-vw-ejap:5555/SupportCenter/main.aspx?etc=127&extraqs=%3fetc%3d127%26id%3d%257bbbe7d1cb-4d9e-eb11-8827-0050569565d2%257d&newWindow=true&pagetype=entityrecord : Success
dynamics.py - INFO - 2025-03-28 02:31:15,346 - ID: 5588 : KBA-05806-H4M6V0 : http://sv-vw-ejap:5555/SupportCenter/main.aspx?etc=127&extraqs=%3fetc%3d127%26id%3d%257b2f975ce8-34bb-ea11-8826-00505695a183%257d&newWindow=true&pagetype=entityrecord : Success
dynamics.py - INFO - 2025-03-28 02:31:27,729 - ID: 5589 : KBA-12636-M2C8F6 : http://sv-vw-ejap:5555/SupportCenter/main.aspx?etc=127&extraqs=%3fetc%3d127%26id%3d%257b28165a16-51bb-ea11-8826-00505695a183%257d&newWindow=true&pagetype=entityrecord : Success
dynamics.py - INFO - 2025-03-28 02:31:40,432 - ID: 5590 : KBA-14225-T1R2C8 : http://sv-vw-ejap:5555/SupportCenter/main.aspx?etc=127&extraqs=%3fetc%3d127%26id%3d%257bd8d3814e-51bb-ea11-8826-00505695a183%257d&newWindow=true&pagetype=entityrecord : Success
dynamics.py - INFO - 2025-03-28 02:31:55,645 - ID: 5622 : KBA-09590-N0T4F6 : http://sv-vw-ejap:5555/SupportCenter/main.aspx?etc=127&extraqs=%3fetc%3d127%26id%3d%257b685699e7-45bb-ea11-8826-00505695a183%257d&newWindow=true&pagetype=entityrecord : Success
dynamics.py - INFO - 2025-03-28 02:32:08,639 - ID: 5625 : KBA-07771-S2K9F7 : http://sv-vw-ejap:5555/SupportCenter/main.aspx?etc=127&extraqs=%3fetc%3d127%26id%3d%257b8bda5e99-44bb-ea11-8826-00505695a183%257d&newWindow=true&pagetype=entityrecord : Success
dynamics.py - INFO - 2025-03-28 02:32:21,951 - ID: 5626 : KBA-67568-G4Q1F3 : http://sv-vw-ejap:5555/SupportCenter/main.aspx?etc=127&extraqs=%3fetc%3d127%26id%3d%257b41a35d27-bfcf-ed11-882d-0050569565d2%257d&newWindow=true&pagetype=entityrecord : Success
dynamics.py - INFO - 2025-03-28 02:32:34,274 - ID: 5629 : KBA-68927-M9K8H3 : http://sv-vw-ejap:5555/SupportCenter/main.aspx?etc=127&extraqs=%3fetc%3d127%26id%3d%257bfa6ade1d-2e00-ee11-882d-0050569565d2%257d&newWindow=true&pagetype=entityrecord : Success
dynamics.py - INFO - 2025-03-28 02:32:47,297 - ID: 5630 : KBA-31503-F6Z2F2 : http://sv-vw-ejap:5555/SupportCenter/main.aspx?etc=127&extraqs=%3fetc%3d127%26id%3d%257b2de4ea25-518f-eb11-8827-0050569565d2%257d&newWindow=true&pagetype=entityrecord : Success
dynamics.py - INFO - 2025-03-28 02:32:59,694 - ID: 5635 : KBA-20465-T5Y7H4 : http://sv-vw-ejap:5555/SupportCenter/main.aspx?etc=127&extraqs=%3fetc%3d127%26id%3d%257b406497fa-90ed-ea11-8825-0050569565d2%257d&newWindow=true&pagetype=entityrecord : Success
dynamics.py - INFO - 2025-03-28 02:33:12,734 - ID: 5652 : KBA-66512-Z6F1Y8 : http://sv-vw-ejap:5555/SupportCenter/main.aspx?etc=127&extraqs=%3fetc%3d127%26id%3d%257b887808bf-18c3-ed11-882d-0050569565d2%257d&newWindow=true&pagetype=entityrecord : Success
dynamics.py - INFO - 2025-03-28 02:33:24,888 - ID: 5656 : KBA-66507-J9Q2D3 : http://sv-vw-ejap:5555/SupportCenter/main.aspx?etc=127&extraqs=%3fetc%3d127%26id%3d%257bc475a4ca-16c3-ed11-882d-0050569565d2%257d&newWindow=true&pagetype=entityrecord : Success
dynamics.py - INFO - 2025-03-28 02:33:37,316 - ID: 5657 : KBA-66506-Z3C1F0 : http://sv-vw-ejap:5555/SupportCenter/main.aspx?etc=127&extraqs=%3fetc%3d127%26id%3d%257bb470c663-16c3-ed11-882d-0050569565d2%257d&newWindow=true&pagetype=entityrecord : Success
dynamics.py - INFO - 2025-03-28 02:33:49,655 - ID: 5658 : KBA-66505-H8D6X6 : http://sv-vw-ejap:5555/SupportCenter/main.aspx?etc=127&extraqs=%3fetc%3d127%26id%3d%257ba3c1b636-16c3-ed11-882d-0050569565d2%257d&newWindow=true&pagetype=entityrecord : Success
dynamics.py - INFO - 2025-03-28 02:34:02,188 - ID: 5660 : KBA-66503-H5T8J0 : http://sv-vw-ejap:5555/SupportCenter/main.aspx?etc=127&extraqs=%3fetc%3d127%26id%3d%257b30a5f27f-14c3-ed11-882d-0050569565d2%257d&newWindow=true&pagetype=entityrecord : Success
dynamics.py - INFO - 2025-03-28 02:34:14,350 - ID: 5661 : KBA-66501-H9D8D7 : http://sv-vw-ejap:5555/SupportCenter/main.aspx?etc=127&extraqs=%3fetc%3d127%26id%3d%257bc70f9bfd-13c3-ed11-882d-0050569565d2%257d&newWindow=true&pagetype=entityrecord : Success
dynamics.py - INFO - 2025-03-28 02:34:26,826 - ID: 5663 : KBA-66499-D6L3L0 : http://sv-vw-ejap:5555/SupportCenter/main.aspx?etc=127&extraqs=%3fetc%3d127%26id%3d%257bc36d7160-13c3-ed11-882d-0050569565d2%257d&newWindow=true&pagetype=entityrecord : Success
dynamics.py - INFO - 2025-03-28 02:34:39,571 - ID: 5636 : KBA-66646-T3F3S0 : http://sv-vw-ejap:5555/SupportCenter/main.aspx?etc=127&extraqs=%3fetc%3d127%26id%3d%257b88c45bf3-a2c4-ed11-882d-0050569565d2%257d&newWindow=true&pagetype=entityrecord : Success
dynamics.py - INFO - 2025-03-28 02:34:52,111 - ID: 5639 : KBA-66614-F3C0X5 : http://sv-vw-ejap:5555/SupportCenter/main.aspx?etc=127&extraqs=%3fetc%3d127%26id%3d%257bb52896d9-86c4-ed11-882d-0050569565d2%257d&newWindow=true&pagetype=entityrecord : Success
dynamics.py - INFO - 2025-03-28 02:35:04,609 - ID: 5640 : KBA-66603-Z0N9S8 : http://sv-vw-ejap:5555/SupportCenter/main.aspx?etc=127&extraqs=%3fetc%3d127%26id%3d%257b51a0a026-75c4-ed11-882d-0050569565d2%257d&newWindow=true&pagetype=entityrecord : Success
dynamics.py - INFO - 2025-03-28 02:35:17,005 - ID: 5641 : KBA-66602-L0Y4B1 : http://sv-vw-ejap:5555/SupportCenter/main.aspx?etc=127&extraqs=%3fetc%3d127%26id%3d%257bf51083a9-72c4-ed11-882d-0050569565d2%257d&newWindow=true&pagetype=entityrecord : Success
dynamics.py - INFO - 2025-03-28 02:35:29,831 - ID: 5642 : KBA-66601-G8Y7G3 : http://sv-vw-ejap:5555/SupportCenter/main.aspx?etc=127&extraqs=%3fetc%3d127%26id%3d%257bcf8a8126-72c4-ed11-882d-0050569565d2%257d&newWindow=true&pagetype=entityrecord : Success
dynamics.py - INFO - 2025-03-28 02:35:43,162 - ID: 5664 : KBA-29828-R9R9N4 : http://sv-vw-ejap:5555/SupportCenter/main.aspx?etc=127&extraqs=%3fetc%3d127%26id%3d%257b5fd7e4b7-247f-eb11-8826-0050569565d2%257d&newWindow=true&pagetype=entityrecord : Success
dynamics.py - INFO - 2025-03-28 02:35:55,428 - ID: 5665 : KBA-34642-D8J5T4 : http://sv-vw-ejap:5555/SupportCenter/main.aspx?etc=127&extraqs=%3fetc%3d127%26id%3d%257b93302f73-3bcb-eb11-8828-00505695a183%257d&newWindow=true&pagetype=entityrecord : Success
dynamics.py - INFO - 2025-03-28 02:36:08,147 - ID: 5666 : KBA-06614-T8Y7B9 : http://sv-vw-ejap:5555/SupportCenter/main.aspx?etc=127&extraqs=%3fetc%3d127%26id%3d%257b1098fa7e-44bb-ea11-8826-00505695a183%257d&newWindow=true&pagetype=entityrecord : Success
dynamics.py - INFO - 2025-03-28 02:36:20,909 - ID: 5667 : KBA-81630-M2Z9D6 : http://sv-vw-ejap:5555/SupportCenter/main.aspx?etc=127&extraqs=%3fetc%3d127%26id%3d%257be2db0764-626a-ef11-8830-0050569565d2%257d&newWindow=true&pagetype=entityrecord : Success
dynamics.py - INFO - 2025-03-28 02:36:36,419 - ID: 5668 : KBA-05005-Q4K3S2 : http://sv-vw-ejap:5555/SupportCenter/main.aspx?etc=127&extraqs=%3fetc%3d127%26id%3d%257bf006b58b-33bb-ea11-8826-00505695a183%257d&newWindow=true&pagetype=entityrecord : Success
dynamics.py - INFO - 2025-03-28 02:36:51,628 - ID: 5669 : KBA-73863-T6P1F4 : http://sv-vw-ejap:5555/SupportCenter/main.aspx?etc=127&extraqs=%3fetc%3d127%26id%3d%257b0c96d30a-1288-ee11-882e-00505695a183%257d&newWindow=true&pagetype=entityrecord : Success
dynamics.py - INFO - 2025-03-28 02:37:03,804 - ID: 5684 : KBA-34644-Y7N4X6 : http://sv-vw-ejap:5555/SupportCenter/main.aspx?etc=127&extraqs=%3fetc%3d127%26id%3d%257b0627d9df-3dcb-eb11-8828-00505695a183%257d&newWindow=true&pagetype=entityrecord : Success
dynamics.py - INFO - 2025-03-28 02:37:16,441 - ID: 5685 : KBA-34647-Q2N1G7 : http://sv-vw-ejap:5555/SupportCenter/main.aspx?etc=127&extraqs=%3fetc%3d127%26id%3d%257bbcb92845-3fcb-eb11-8828-0050569565d2%257d&newWindow=true&pagetype=entityrecord : Success
dynamics.py - INFO - 2025-03-28 02:37:39,999 - ID: 5686 : KBA-09144-H8S6Q8 : http://sv-vw-ejap:5555/SupportCenter/main.aspx?etc=127&extraqs=%3fetc%3d127%26id%3d%257b168ffeb3-45bb-ea11-8825-0050569565d2%257d&newWindow=true&pagetype=entityrecord : Success
dynamics.py - INFO - 2025-03-28 02:37:52,650 - ID: 5688 : KBA-40055-K5B0N4 : http://sv-vw-ejap:5555/SupportCenter/main.aspx?etc=127&extraqs=%3fetc%3d127%26id%3d%257b582c939f-1d05-ec11-8828-0050569565d2%257d&newWindow=true&pagetype=entityrecord : Success
dynamics.py - INFO - 2025-03-28 02:38:05,480 - ID: 5689 : KBA-09816-R9M6T3 : http://sv-vw-ejap:5555/SupportCenter/main.aspx?etc=127&extraqs=%3fetc%3d127%26id%3d%257b2c5899e7-45bb-ea11-8826-00505695a183%257d&newWindow=true&pagetype=entityrecord : Success
dynamics.py - INFO - 2025-03-28 02:38:18,420 - ID: 5697 : KBA-40511-K2H9H8 : http://sv-vw-ejap:5555/SupportCenter/main.aspx?etc=127&extraqs=%3fetc%3d127%26id%3d%257b911264eb-6e09-ec11-8828-0050569565d2%257d&newWindow=true&pagetype=entityrecord : Success
dynamics.py - INFO - 2025-03-28 02:38:31,150 - ID: 5698 : KBA-43841-L9Z9J5 : http://sv-vw-ejap:5555/SupportCenter/main.aspx?etc=127&extraqs=%3fetc%3d127%26id%3d%257b2d79e8f5-c421-ec11-8828-0050569565d2%257d&newWindow=true&pagetype=entityrecord : Success
dynamics.py - INFO - 2025-03-28 02:38:44,947 - ID: 5699 : KBA-57953-R2V9B5 : http://sv-vw-ejap:5555/SupportCenter/main.aspx?etc=127&extraqs=%3fetc%3d127%26id%3d%257b16a7a0ac-7016-ed11-882c-00505695a183%257d&newWindow=true&pagetype=entityrecord : Success
dynamics.py - INFO - 2025-03-28 02:39:01,802 - ID: 5703 : KBA-09817-X0H7S3 : http://sv-vw-ejap:5555/SupportCenter/main.aspx?etc=127&extraqs=%3fetc%3d127%26id%3d%257b2e5899e7-45bb-ea11-8826-00505695a183%257d&newWindow=true&pagetype=entityrecord : Success
dynamics.py - INFO - 2025-03-28 02:39:14,308 - ID: 5711 : KBA-31916-R0C9X8 : http://sv-vw-ejap:5555/SupportCenter/main.aspx?etc=127&extraqs=%3fetc%3d127%26id%3d%257b314c25ec-4d9e-eb11-8827-0050569565d2%257d&newWindow=true&pagetype=entityrecord : Success
dynamics.py - INFO - 2025-03-28 02:39:26,326 - ID: 5712 : KBA-31917-H8F3W0 : http://sv-vw-ejap:5555/SupportCenter/main.aspx?etc=127&extraqs=%3fetc%3d127%26id%3d%257bb722e5f8-4d9e-eb11-8827-0050569565d2%257d&newWindow=true&pagetype=entityrecord : Success
dynamics.py - INFO - 2025-03-28 02:39:38,920 - ID: 5713 : KBA-34647-Q2N1G7 : http://sv-vw-ejap:5555/SupportCenter/main.aspx?etc=127&extraqs=%3fetc%3d127%26id%3d%257bbcb92845-3fcb-eb11-8828-0050569565d2%257d&newWindow=true&pagetype=entityrecord : Success
dynamics.py - INFO - 2025-03-28 02:39:51,309 - ID: 5714 : KBA-39375-V7L0K5 : http://sv-vw-ejap:5555/SupportCenter/main.aspx?etc=127&extraqs=%3fetc%3d127%26id%3d%257b9483ef67-f0ff-eb11-8828-0050569565d2%257d&newWindow=true&pagetype=entityrecord : Success
dynamics.py - INFO - 2025-03-28 02:40:04,202 - ID: 5715 : KBA-58598-T1X9Y1 : http://sv-vw-ejap:5555/SupportCenter/main.aspx?etc=127&extraqs=%3fetc%3d127%26id%3d%257b98776ee8-fd21-ed11-882c-0050569565d2%257d&newWindow=true&pagetype=entityrecord : Success
